generation	robot_id
72	3680
72	3110
72	3668
72	3527
72	2883
72	3380
72	3624
72	3548
72	3557
72	3412
72	3332
72	3691
72	3500
72	3644
72	3692
72	3554
72	3609
72	3504
72	3666
72	3536
72	3693
72	3645
72	3379
72	3689
72	2928
72	3550
72	3621
72	3505
72	3581
72	3597
72	3398
72	3642
72	3570
72	3653
72	3287
72	3592
72	3652
72	3571
72	3098
72	3687
72	3612
72	3535
72	3487
72	3327
72	3589
72	3655
72	3133
72	3483
72	3515
72	3489
72	3675
72	3690
72	3374
72	3695
72	3517
72	3677
72	3663
72	3399
72	3656
72	3598
72	3347
72	3135
72	3669
72	3638
72	3511
72	3623
72	3697
72	3189
72	3631
72	3673
72	3514
72	3699
72	3586
72	3659
72	3616
72	3291
72	3671
72	3573
72	3683
72	3524
72	2832
72	3643
72	3694
72	3371
72	3530
72	3660
72	3686
72	3608
72	3591
72	3569
72	3394
72	3471
72	3672
72	3606
72	3619
72	3551
72	3499
72	3564
72	3664
72	3474
50	2515
50	2494
50	2337
50	2493
50	1941
50	2579
50	2584
50	1780
50	2560
50	2576
50	2425
50	2558
50	2568
50	2451
50	2516
50	2240
50	2444
50	2550
50	2405
50	1895
50	2552
50	2186
50	2571
50	2459
50	2276
50	2403
50	2497
50	2532
50	2581
50	1585
50	1993
50	2500
50	1979
50	2533
50	2178
50	2472
50	1769
50	2166
50	2527
50	1387
50	2416
50	2207
50	2412
50	2271
50	2557
50	2524
50	1725
50	2173
50	2535
50	2456
50	2491
50	2589
50	2034
50	2462
50	1247
50	2274
50	2453
50	2328
50	2386
50	2580
50	2563
50	2461
50	1998
50	2006
50	2522
50	2196
50	2588
50	2229
50	2452
50	2599
50	2501
50	2526
50	2475
50	2308
50	2408
50	2541
50	2489
50	2280
50	2567
50	2344
50	2586
50	2506
50	1986
50	2513
50	2301
50	2293
50	2409
50	2591
50	2593
50	2190
50	2590
50	1931
50	1901
50	2130
50	2360
50	2302
50	2383
50	2562
50	2572
50	2583
74	3757
74	3680
74	3729
74	3110
74	3765
74	3668
74	3753
74	3783
74	3710
74	3548
74	3412
74	3332
74	3726
74	3766
74	3767
74	3691
74	3500
74	3692
74	3554
74	3799
74	3666
74	3746
74	3693
74	3714
74	3751
74	3689
74	3550
74	3754
74	3621
74	3505
74	3581
74	3790
74	3597
74	3642
74	3570
74	3728
74	3763
74	3756
74	3287
74	3758
74	3592
74	3768
74	3732
74	3571
74	3098
74	3792
74	3788
74	3535
74	3327
74	3748
74	3589
74	3750
74	3655
74	3771
74	3795
74	3675
74	3793
74	3690
74	3715
74	3374
74	3695
74	3776
74	3663
74	3784
74	3785
74	3656
74	3347
74	3135
74	3669
74	3511
74	3780
74	3697
74	3189
74	3631
74	3723
74	3586
74	3659
74	3616
74	3291
74	3573
74	3707
74	3711
74	3524
74	3764
74	3791
74	2832
74	3643
74	3794
74	3694
74	3727
74	3703
74	3591
74	3569
74	3797
74	3606
74	3619
74	3664
74	3712
74	3474
74	3718
60	2951
60	3006
60	3085
60	3027
60	2894
60	3094
60	2720
60	2966
60	3039
60	2646
60	2982
60	2883
60	3028
60	3042
60	2981
60	2969
60	3031
60	2970
60	2846
60	2744
60	2497
60	2867
60	2999
60	3057
60	3060
60	3018
60	3069
60	3056
60	3040
60	1387
60	2806
60	3026
60	2904
60	3005
60	2928
60	3092
60	2725
60	2580
60	2576
60	2964
60	3001
60	2815
60	2622
60	3062
60	2617
60	3063
60	3091
60	2634
60	1247
60	3071
60	3045
60	2764
60	3052
60	2942
60	2675
60	2729
60	2838
60	3066
60	2926
60	2941
60	3095
60	3023
60	1998
60	2923
60	2782
60	2830
60	2804
60	3078
60	2196
60	2710
60	2229
60	2914
60	3017
60	2992
60	3098
60	3051
60	3083
60	3054
60	3032
60	3061
60	2672
60	2905
60	2832
60	2796
60	3008
60	2908
60	2784
60	3077
60	3065
60	3046
60	3076
60	3058
60	2688
60	2783
60	2952
60	2896
60	2973
60	2722
60	2360
60	3081
76	3877
76	3876
76	3870
76	3885
76	3799
76	3110
76	3899
76	3715
76	3664
76	3642
76	3767
76	3697
76	3726
76	3548
76	3780
76	3888
76	3707
76	3850
76	3500
76	3858
76	3659
76	3723
76	3865
76	3825
76	3746
76	3862
76	3820
76	3868
76	3844
76	3631
76	3823
76	3834
76	3766
76	3505
76	3894
76	3597
76	3898
76	3570
76	3793
76	3851
76	3843
76	3869
76	3750
76	3728
76	3287
76	3592
76	3571
76	3098
76	3655
76	3882
76	3896
76	3535
76	3805
76	3883
76	3327
76	3754
76	3691
76	3806
76	3873
76	3680
76	3675
76	3729
76	3884
76	3875
76	3810
76	3880
76	3511
76	3879
76	3643
76	3711
76	3758
76	3818
76	3839
76	3586
76	3616
76	3291
76	3573
76	3693
76	3821
76	3895
76	3832
76	3783
76	3694
76	3860
76	3703
76	3784
76	3792
76	3842
76	3816
76	3727
76	3591
76	3863
76	3864
76	3776
76	3689
76	3714
76	3817
76	3900
76	3768
76	3474
30	1498
30	1528
30	1564
30	1385
30	1599
30	1085
30	1600
30	1543
30	1482
30	1403
30	1550
30	1466
30	1326
30	1375
30	1475
30	1389
30	1549
30	1420
30	1186
30	1416
30	937
30	1376
30	1477
30	1439
30	1328
30	1581
30	1525
30	1239
30	1553
30	1576
30	1556
30	1509
30	1500
30	1527
30	1384
30	1387
30	1588
30	1285
30	1409
30	1512
30	1536
30	1523
30	1447
30	1251
30	1318
30	1532
30	1247
30	1493
30	1568
30	1455
30	1552
30	1207
30	1032
30	1432
30	1501
30	1281
30	1583
30	1582
30	1233
30	1465
30	1242
30	1361
30	1431
30	1535
30	1448
30	1585
30	1566
30	1184
30	1590
30	1591
30	1087
30	788
30	1436
30	1463
30	1560
30	1198
30	1587
30	1520
30	1460
30	1571
30	1586
30	1337
30	1596
30	1511
30	1594
30	1421
30	1541
30	1516
30	1364
30	1323
30	1378
30	1434
30	1555
30	1368
30	1396
30	1592
30	1467
30	1161
30	1557
30	1017
71	3110
71	3533
71	3527
71	2883
71	3380
71	3525
71	3624
71	3637
71	3548
71	3557
71	3412
71	3332
71	3387
71	3500
71	3644
71	3594
71	3554
71	3609
71	3504
71	3391
71	3536
71	3463
71	3645
71	3622
71	3379
71	2928
71	3550
71	3575
71	3621
71	3505
71	3581
71	3597
71	3398
71	3642
71	3570
71	3446
71	3287
71	3592
71	3571
71	3098
71	3603
71	3612
71	3535
71	3487
71	3071
71	3327
71	3589
71	3640
71	3133
71	3483
71	3279
71	3515
71	3489
71	3374
71	3611
71	3517
71	3399
71	3456
71	3614
71	3598
71	3347
71	3647
71	3135
71	3604
71	3638
71	3511
71	3623
71	3189
71	3631
71	3514
71	3586
71	3616
71	3291
71	3573
71	3524
71	3537
71	2832
71	3643
71	3568
71	3432
71	3625
71	3371
71	3530
71	3538
71	3608
71	3591
71	3569
71	3579
71	3394
71	3466
71	3471
71	3404
71	3606
71	3636
71	3619
71	3551
71	3499
71	3518
71	3564
71	3474
54	2493
54	1941
54	2776
54	2720
54	2712
54	2425
54	2646
54	2516
54	2737
54	2240
54	2444
54	2743
54	2757
54	2766
54	2790
54	2744
54	2696
54	2497
54	2763
54	2500
54	2533
54	2593
54	2663
54	2472
54	2751
54	1769
54	2166
54	1387
54	2781
54	2616
54	2725
54	2778
54	2580
54	2576
54	2791
54	2798
54	2622
54	2524
54	2173
54	2456
54	2617
54	2782
54	2786
54	2634
54	2034
54	2462
54	1247
54	2771
54	2274
54	2567
54	2794
54	2783
54	2632
54	2764
54	2770
54	2761
54	2675
54	2729
54	2756
54	2461
54	2605
54	2635
54	2753
54	1998
54	2774
54	2006
54	2196
54	2710
54	2229
54	2793
54	2666
54	2599
54	2475
54	2784
54	2408
54	2489
54	2738
54	2768
54	2672
54	2344
54	2773
54	2709
54	2513
54	2629
54	2655
54	2792
54	2694
54	2688
54	2715
54	2588
54	2714
54	1901
54	2722
54	2360
54	2626
54	2302
54	2383
54	2755
54	2604
54	2796
34	1498
34	1728
34	1385
34	1760
34	1541
34	1783
34	1784
34	1591
34	1772
34	1633
34	1790
34	1326
34	1793
34	1375
34	1718
34	1475
34	1389
34	1759
34	1186
34	1775
34	1552
34	1604
34	1328
34	1765
34	1600
34	1585
34	1664
34	1239
34	1662
34	1384
34	1754
34	1601
34	1387
34	1586
34	1778
34	1409
34	1611
34	1712
34	1622
34	1746
34	1763
34	1615
34	1596
34	1716
34	1725
34	1799
34	1247
34	1493
34	1673
34	1557
34	1729
34	1568
34	1207
34	1764
34	1616
34	1588
34	1769
34	1758
34	1789
34	1242
34	1781
34	1734
34	1431
34	1650
34	1618
34	1776
34	1571
34	1785
34	1672
34	1792
34	1511
34	1184
34	1638
34	1703
34	1639
34	788
34	1795
34	1794
34	1798
34	1625
34	1788
34	1771
34	1198
34	1657
34	1460
34	1780
34	1688
34	1337
34	1642
34	1723
34	1421
34	1697
34	1364
34	1560
34	1715
34	1745
34	1677
34	1694
34	1161
34	1762
0	47
0	67
0	78
0	40
0	66
0	95
0	34
0	10
0	14
0	54
0	92
0	22
0	44
0	18
0	84
0	24
0	42
0	91
0	29
0	77
0	58
0	64
0	51
0	17
0	48
0	8
0	36
0	21
0	13
0	85
0	1
0	23
0	86
0	88
0	55
0	59
0	70
0	32
0	80
0	45
0	62
0	15
0	37
0	50
0	76
0	56
0	12
0	25
0	61
0	60
0	81
0	73
0	72
0	46
0	89
0	4
0	75
0	2
0	41
0	3
0	74
0	90
0	99
0	38
0	71
0	63
0	9
0	30
0	100
0	96
0	82
0	83
0	79
0	69
0	20
0	87
0	11
0	27
0	19
0	52
0	94
0	49
0	57
0	33
0	28
0	31
0	68
0	98
0	35
0	16
0	93
0	97
0	53
0	43
0	26
0	7
0	65
0	6
0	39
0	5
87	4370
87	4319
87	4345
87	4373
87	4411
87	4361
87	4322
87	4441
87	4316
87	3945
87	4433
87	4416
87	4367
87	4275
87	3899
87	4448
87	3707
87	4263
87	4339
87	4210
87	4338
87	3904
87	4240
87	4415
87	3820
87	4365
87	4429
87	4211
87	4340
87	4353
87	4119
87	4106
87	4442
87	4436
87	4430
87	4392
87	4290
87	4315
87	4362
87	4264
87	4144
87	4309
87	4136
87	4379
87	4444
87	4440
87	4437
87	4006
87	4427
87	4375
87	4399
87	3327
87	4359
87	4446
87	4227
87	4269
87	4296
87	4166
87	4387
87	4035
87	3982
87	4435
87	4439
87	4012
87	4420
87	4423
87	4196
87	4321
87	4386
87	4265
87	4348
87	4422
87	4447
87	4406
87	4443
87	4401
87	3850
87	4311
87	4298
87	4066
87	4402
87	4354
87	4404
87	4388
87	4328
87	4011
87	4057
87	4068
87	4410
87	4198
87	4295
87	4398
87	4391
87	4078
87	4418
87	4419
87	3689
87	4369
87	4103
87	3768
51	2617
51	2640
51	2515
51	2494
51	2493
51	1941
51	1780
51	2560
51	2629
51	2576
51	2425
51	2451
51	2516
51	2621
51	2240
51	2625
51	2444
51	2624
51	2550
51	2622
51	2405
51	2645
51	1895
51	2552
51	2186
51	2459
51	2276
51	2403
51	2497
51	2532
51	1585
51	2500
51	1979
51	2533
51	2646
51	2178
51	2635
51	2472
51	1769
51	2166
51	2527
51	1387
51	2605
51	2416
51	2207
51	2639
51	2524
51	1725
51	2173
51	2456
51	2491
51	2589
51	2034
51	2462
51	1247
51	2274
51	2453
51	2386
51	2580
51	2649
51	2633
51	2563
51	2461
51	2632
51	2616
51	1998
51	2609
51	2006
51	2522
51	2196
51	2588
51	2229
51	2599
51	2501
51	2475
51	2648
51	2604
51	2308
51	2626
51	2408
51	2489
51	2567
51	2344
51	2634
51	2506
51	1986
51	2513
51	2638
51	2591
51	2593
51	2618
51	2590
51	1931
51	1901
51	2130
51	2360
51	2302
51	2383
51	2572
51	2650
79	3877
79	3991
79	3885
79	3799
79	3899
79	3715
79	4042
79	3986
79	4005
79	3952
79	3664
79	4027
79	4037
79	3548
79	3960
79	3888
79	3956
79	3707
79	3850
79	3955
79	3659
79	4012
79	4038
79	4026
79	3865
79	3904
79	3997
79	3977
79	3862
79	3966
79	3820
79	3844
79	3631
79	4022
79	4030
79	3976
79	3823
79	3927
79	3766
79	3968
79	3597
79	3913
79	3898
79	4002
79	4047
79	3869
79	3750
79	3728
79	3535
79	3987
79	3327
79	3754
79	3982
79	3691
79	3806
79	3873
79	3680
79	3903
79	3925
79	3944
79	4025
79	4044
79	3961
79	3998
79	3962
79	3675
79	3963
79	3884
79	4023
79	4046
79	3957
79	3875
79	3810
79	4035
79	3643
79	4011
79	3758
79	4008
79	3821
79	3895
79	4036
79	3694
79	4034
79	4006
79	3996
79	3945
79	3860
79	4043
79	3784
79	3727
79	3591
79	3973
79	3916
79	3689
79	3714
79	3934
79	3933
79	3900
79	3946
79	3768
35	1806
35	1498
35	1762
35	1830
35	1728
35	1385
35	1780
35	1541
35	1841
35	1633
35	1326
35	1375
35	1475
35	1389
35	1186
35	1832
35	1807
35	1799
35	1778
35	1821
35	1604
35	1328
35	1772
35	1801
35	1600
35	1585
35	1664
35	1771
35	1239
35	1662
35	1769
35	1384
35	1823
35	1601
35	1798
35	1820
35	1387
35	1758
35	1586
35	1795
35	1822
35	1409
35	1712
35	1808
35	1615
35	1596
35	1716
35	1725
35	1784
35	1247
35	1493
35	1673
35	1759
35	1557
35	1788
35	1616
35	1588
35	1765
35	1789
35	1242
35	1849
35	1824
35	1783
35	1809
35	1734
35	1781
35	1843
35	1431
35	1833
35	1775
35	1650
35	1672
35	1511
35	1184
35	1703
35	1639
35	788
35	1776
35	1760
35	1625
35	1198
35	1460
35	1839
35	1688
35	1337
35	1792
35	1845
35	1642
35	1723
35	1421
35	1697
35	1840
35	1785
35	1715
35	1819
35	1790
35	1763
35	1835
35	1694
35	1161
82	4115
82	4185
82	4174
82	3960
82	4089
82	3862
82	4184
82	3987
82	3873
82	3945
82	4140
82	4158
82	4178
82	4058
82	4110
82	3899
82	3707
82	4154
82	4197
82	4046
82	3659
82	4090
82	4186
82	4177
82	4081
82	4166
82	3904
82	4175
82	4103
82	4105
82	4149
82	4198
82	3820
82	3844
82	3823
82	4078
82	3766
82	4127
82	4199
82	4173
82	4144
82	4008
82	3750
82	3728
82	3895
82	3875
82	4106
82	3535
82	4006
82	3327
82	3754
82	3806
82	3991
82	3997
82	3986
82	3675
82	3869
82	4035
82	3982
82	4107
82	4042
82	4023
82	4012
82	4191
82	4026
82	4189
82	4171
82	3860
82	4135
82	4136
82	3998
82	4176
82	3758
82	3934
82	4182
82	4065
82	4056
82	3850
82	4119
82	4066
82	4161
82	4196
82	3977
82	4011
82	4138
82	4044
82	4057
82	4068
82	3727
82	4153
82	4116
82	3946
82	4160
82	3956
82	4170
82	4183
82	3689
82	4093
82	4195
82	3768
38	1498
38	1762
38	1996
38	1385
38	1956
38	1951
38	1780
38	1884
38	1541
38	1942
38	1927
38	1904
38	1914
38	1891
38	1326
38	1833
38	1937
38	1389
38	1907
38	1186
38	1957
38	1993
38	1799
38	1778
38	1962
38	1328
38	1916
38	1801
38	1600
38	1585
38	1664
38	1902
38	1823
38	1771
38	1239
38	1858
38	1662
38	1977
38	1966
38	1769
38	1909
38	1798
38	1387
38	1586
38	1931
38	1795
38	1820
38	1922
38	1874
38	1712
38	1856
38	1725
38	1981
38	1857
38	1247
38	1945
38	1673
38	1824
38	1588
38	1765
38	1973
38	1242
38	1781
38	1650
38	1880
38	1979
38	1511
38	1986
38	1972
38	788
38	1841
38	1960
38	1989
38	1866
38	1968
38	1998
38	1198
38	1895
38	1958
38	1688
38	1976
38	1953
38	1642
38	1992
38	1421
38	1697
38	1964
38	1941
38	1785
38	1970
38	1715
38	1882
38	1852
38	1790
38	1901
38	1888
38	1694
38	1161
38	1963
38	1881
20	901
20	1091
20	1059
20	825
20	752
20	1066
20	760
20	1062
20	905
20	1055
20	1093
20	987
20	969
20	796
20	1008
20	653
20	1084
20	976
20	691
20	1014
20	1074
20	937
20	909
20	1061
20	985
20	1086
20	1052
20	1050
20	552
20	1081
20	1085
20	1040
20	989
20	814
20	774
20	962
20	834
20	973
20	809
20	881
20	565
20	1080
20	1095
20	586
20	1072
20	626
20	910
20	1032
20	935
20	958
20	856
20	1063
20	1077
20	1058
20	897
20	1025
20	1075
20	579
20	902
20	1082
20	352
20	944
20	1019
20	807
20	1017
20	977
20	1090
20	1087
20	895
20	1092
20	967
20	998
20	712
20	1030
20	788
20	1079
20	482
20	978
20	970
20	1039
20	811
20	1053
20	991
20	1042
20	577
20	1096
20	999
20	818
20	1099
20	838
20	1088
20	792
20	994
20	645
20	1073
20	844
20	1045
20	1033
20	1022
20	864
64	3144
64	3225
64	3222
64	3231
64	3204
64	3299
64	2894
64	3190
64	3110
64	3182
64	3154
64	3178
64	3148
64	2883
64	3223
64	3198
64	3193
64	3174
64	3192
64	3104
64	3109
64	3275
64	3116
64	3293
64	3200
64	2867
64	3217
64	2999
64	3060
64	3296
64	3069
64	3235
64	3272
64	3056
64	3221
64	2928
64	3188
64	3206
64	3226
64	3266
64	3290
64	2964
64	3132
64	3098
64	3233
64	3141
64	3292
64	3281
64	3208
64	3201
64	3071
64	3156
64	3045
64	3114
64	3133
64	3279
64	3180
64	3245
64	3187
64	3238
64	3095
64	3294
64	3278
64	3066
64	3023
64	3220
64	2782
64	2830
64	2804
64	3152
64	3115
64	3288
64	3162
64	3135
64	3189
64	3298
64	3280
64	3230
64	3106
64	3216
64	3283
64	3256
64	3195
64	3291
64	3264
64	3287
64	2832
64	3102
64	3159
64	3065
64	3112
64	3046
64	3286
64	3058
64	3165
64	2688
64	3251
64	2360
64	3184
64	3203
84	4174
84	3862
84	4207
84	3987
84	4268
84	4240
84	3873
84	3945
84	4279
84	4140
84	4295
84	4276
84	3899
84	3707
84	4154
84	4215
84	4046
84	3659
84	4219
84	4263
84	4226
84	4166
84	4256
84	3904
84	4261
84	4103
84	4149
84	4296
84	4198
84	3820
84	3844
84	4275
84	4251
84	3823
84	4225
84	4078
84	4199
84	4144
84	4008
84	3728
84	3875
84	4106
84	4230
84	4264
84	4006
84	3327
84	3754
84	4211
84	3991
84	4290
84	3997
84	4217
84	4292
84	3675
84	3869
84	4035
84	3982
84	4265
84	4297
84	4210
84	4023
84	4293
84	4012
84	4248
84	4244
84	4171
84	4136
84	4269
84	3998
84	4176
84	4238
84	3758
84	4298
84	4280
84	4182
84	4231
84	4065
84	3850
84	4119
84	4066
84	4221
84	4299
84	4262
84	4196
84	3977
84	4011
84	4044
84	4057
84	4068
84	4229
84	3946
84	4160
84	3956
84	4239
84	4232
84	4278
84	4227
84	4241
84	3689
84	3768
77	3877
77	3885
77	3901
77	3799
77	3899
77	3715
77	3928
77	3664
77	3911
77	3767
77	3697
77	3726
77	3548
77	3780
77	3902
77	3888
77	3707
77	3850
77	3659
77	3723
77	3865
77	3825
77	3904
77	3935
77	3862
77	3820
77	3868
77	3844
77	3631
77	3823
77	3927
77	3834
77	3766
77	3505
77	3894
77	3597
77	3913
77	3898
77	3570
77	3793
77	3843
77	3869
77	3750
77	3728
77	3592
77	3655
77	3907
77	3905
77	3896
77	3938
77	3535
77	3327
77	3754
77	3691
77	3806
77	3873
77	3680
77	3903
77	3925
77	3944
77	3675
77	3729
77	3884
77	3914
77	3875
77	3810
77	3880
77	3511
77	3879
77	3643
77	3758
77	3818
77	3586
77	3616
77	3949
77	3693
77	3821
77	3895
77	3832
77	3694
77	3917
77	3945
77	3860
77	3703
77	3784
77	3792
77	3940
77	3842
77	3816
77	3727
77	3591
77	3776
77	3916
77	3689
77	3714
77	3934
77	3933
77	3900
77	3946
77	3768
98	4895
98	4922
98	4983
98	4943
98	4890
98	4969
98	4322
98	4709
98	4899
98	4930
98	4970
98	4885
98	4507
98	4614
98	4809
98	3707
98	4936
98	4907
98	4505
98	4933
98	4836
98	4879
98	4905
98	4979
98	4825
98	4975
98	4740
98	4962
98	4211
98	4973
98	4854
98	4911
98	4531
98	4807
98	4106
98	4751
98	4941
98	4901
98	4519
98	4657
98	4823
98	4957
98	4652
98	4938
98	4982
98	4848
98	4711
98	4687
98	4952
98	4944
98	4715
98	4752
98	4638
98	4919
98	4977
98	4932
98	4949
98	4995
98	4489
98	4738
98	4966
98	4976
98	4996
98	4760
98	4904
98	4852
98	4954
98	4675
98	4921
98	4965
98	4727
98	4635
98	4878
98	4806
98	4736
98	4588
98	4840
98	4612
98	4906
98	4586
98	4712
98	4792
98	4858
98	4990
98	4959
98	4991
98	4470
98	4399
98	4802
98	4535
98	4810
98	4955
98	4295
98	4894
98	4078
98	4361
98	4870
98	4865
98	4626
98	4972
56	2493
56	2882
56	2720
56	2712
56	2868
56	2646
56	2833
56	2516
56	2240
56	2802
56	2880
56	2766
56	2812
56	2846
56	2744
56	2497
56	2864
56	2893
56	2818
56	2500
56	2867
56	2663
56	2472
56	2849
56	1769
56	2836
56	1387
56	2806
56	2725
56	2580
56	2576
56	2843
56	2815
56	2622
56	2524
56	2456
56	2874
56	2617
56	2634
56	2034
56	1247
56	2274
56	2567
56	2824
56	2632
56	2764
56	2675
56	2729
56	2776
56	2896
56	2838
56	2860
56	2605
56	2857
56	2841
56	1998
56	2782
56	2830
56	2804
56	2821
56	2196
56	2710
56	2229
56	2666
56	2894
56	2475
56	2878
56	2408
56	2672
56	2832
56	2796
56	2899
56	2790
56	2886
56	2784
56	2852
56	2865
56	2807
56	2629
56	2794
56	2694
56	2688
56	2851
56	2715
56	2588
56	2875
56	2783
56	2714
56	2895
56	2778
56	2877
56	1901
56	2722
56	2360
56	2626
56	2302
56	2883
56	2755
56	2604
56	2803
25	1108
25	1040
25	1085
25	962
25	1326
25	1227
25	985
25	1075
25	1244
25	1119
25	1259
25	1181
25	1195
25	1338
25	1175
25	1059
25	1186
25	937
25	909
25	1235
25	1270
25	1140
25	1333
25	1335
25	1239
25	1299
25	1278
25	1277
25	1279
25	1306
25	1312
25	1263
25	1156
25	1134
25	1283
25	1096
25	1222
25	1294
25	1189
25	1251
25	1342
25	935
25	856
25	1247
25	1260
25	1185
25	1337
25	1321
25	902
25	1329
25	1214
25	1207
25	1334
25	1032
25	1295
25	1208
25	1079
25	1201
25	1132
25	1319
25	1233
25	1242
25	1331
25	1025
25	1243
25	895
25	1328
25	1255
25	1220
25	1184
25	1087
25	788
25	482
25	1206
25	1332
25	1264
25	1285
25	1198
25	1343
25	1164
25	1093
25	1099
25	1323
25	1177
25	1091
25	1322
25	1129
25	1350
25	1314
25	1256
25	1269
25	1281
25	1231
25	1347
25	1232
25	1318
25	991
25	1161
25	1316
25	1017
52	2515
52	2493
52	1941
52	2675
52	1780
52	2677
52	2672
52	2552
52	2425
52	2646
52	2681
52	2516
52	2240
52	2444
52	2682
52	2186
52	2459
52	2276
52	2497
52	2664
52	2532
52	1585
52	2500
52	1979
52	2533
52	2593
52	2663
52	2178
52	2472
52	1769
52	2166
52	2527
52	1387
52	2616
52	2416
52	2580
52	2576
52	2651
52	2622
52	2524
52	2173
52	2686
52	2456
52	2617
52	2634
52	2034
52	2462
52	1247
52	2274
52	2567
52	2453
52	2632
52	2660
52	2649
52	2624
52	2461
52	2645
52	2605
52	2635
52	2640
52	2700
52	1998
52	2692
52	2661
52	2659
52	2591
52	2006
52	2196
52	2625
52	2229
52	2688
52	2666
52	2609
52	2599
52	2475
52	2669
52	2408
52	2618
52	2489
52	2344
52	2694
52	2662
52	2621
52	2506
52	2513
52	2629
52	2655
52	2699
52	2588
52	2638
52	2696
52	1931
52	1901
52	2130
52	2360
52	2626
52	2302
52	2383
52	2684
52	2604
45	1498
45	2274
45	2057
45	1941
45	2255
45	2311
45	1780
45	2290
45	2318
45	2321
45	1833
45	2240
45	2309
45	1972
45	1895
45	2186
45	2348
45	2014
45	2272
45	2198
45	2301
45	2340
45	2285
45	1585
45	1976
45	2271
45	1993
45	1979
45	2226
45	2018
45	2178
45	2345
45	2131
45	2287
45	1769
45	2319
45	2166
45	2276
45	2199
45	1798
45	1387
45	2231
45	2212
45	2207
45	2222
45	1856
45	1725
45	2037
45	2173
45	2034
45	1247
45	2339
45	2098
45	2208
45	2165
45	1588
45	2075
45	2132
45	2333
45	2029
45	2327
45	2344
45	2336
45	1650
45	1998
45	2323
45	2006
45	2196
45	2229
45	2023
45	2279
45	2329
45	788
45	2234
45	2280
45	2337
45	2143
45	2310
45	2246
45	2230
45	2308
45	2264
45	2302
45	2221
45	1688
45	2261
45	1986
45	2269
45	2349
45	2110
45	2317
45	2293
45	2297
45	2190
45	2148
45	2328
45	1931
45	1901
45	2130
45	1852
43	1498
43	2237
43	2057
43	1941
43	1937
43	1780
43	2232
43	2212
43	2233
43	1326
43	2161
43	2208
43	1833
43	2140
43	2204
43	1972
43	1895
43	2186
43	2014
43	1778
43	2117
43	2198
43	1801
43	2239
43	2246
43	1585
43	1976
43	1664
43	1993
43	1979
43	2018
43	2178
43	2131
43	1769
43	2166
43	2209
43	2199
43	1798
43	1387
43	1795
43	2240
43	2174
43	1856
43	1725
43	2037
43	2173
43	2231
43	2160
43	2221
43	2034
43	1857
43	1247
43	2098
43	2238
43	2229
43	2170
43	2165
43	1588
43	2219
43	2243
43	2075
43	2216
43	2132
43	2029
43	2125
43	2187
43	1650
43	1998
43	2230
43	2249
43	2006
43	2234
43	2196
43	2023
43	2218
43	788
43	2041
43	2143
43	2200
43	1198
43	2191
43	2105
43	1688
43	2207
43	1986
43	2110
43	2054
43	1697
43	2050
43	2190
43	2148
43	1715
43	1931
43	1901
43	2130
43	1852
43	2226
43	2222
43	2183
43	2210
16	635
16	741
16	869
16	864
16	571
16	887
16	752
16	760
16	895
16	781
16	796
16	653
16	509
16	593
16	691
16	873
16	640
16	857
16	825
16	664
16	552
16	438
16	790
16	897
16	886
16	878
16	475
16	774
16	771
16	855
16	881
16	758
16	809
16	565
16	699
16	900
16	862
16	586
16	626
16	839
16	860
16	621
16	744
16	819
16	749
16	838
16	579
16	882
16	352
16	472
16	898
16	840
16	877
16	807
16	652
16	717
16	222
16	596
16	739
16	750
16	814
16	856
16	818
16	700
16	894
16	712
16	759
16	693
16	788
16	649
16	482
16	875
16	811
16	844
16	785
16	577
16	841
16	789
16	578
16	707
16	817
16	866
16	850
16	164
16	834
16	800
16	851
16	830
16	792
16	523
16	608
16	787
16	645
16	828
16	883
16	865
16	769
16	627
16	730
16	826
89	4538
89	4345
89	4520
89	4519
89	4373
89	4473
89	4550
89	4361
89	4322
89	3945
89	4416
89	4367
89	4458
89	3899
89	4448
89	3707
89	4263
89	4503
89	4535
89	4466
89	4528
89	3904
89	4505
89	4527
89	4500
89	4454
89	4429
89	4211
89	4537
89	4106
89	4518
89	4442
89	4493
89	4436
89	4470
89	4392
89	4534
89	4264
89	4531
89	4144
89	4379
89	4508
89	4440
89	4540
89	4006
89	4427
89	4375
89	4399
89	3327
89	4227
89	4296
89	4494
89	4459
89	4166
89	4517
89	4035
89	3982
89	4439
89	4453
89	4499
89	4463
89	4196
89	4476
89	4455
89	4525
89	4489
89	4467
89	4507
89	4406
89	4401
89	4541
89	3850
89	4311
89	4536
89	4298
89	4066
89	4548
89	4526
89	4354
89	4524
89	4388
89	4328
89	4011
89	4523
89	4068
89	4198
89	4475
89	4295
89	4478
89	4391
89	4078
89	4418
89	4542
89	4512
89	4419
89	4511
89	4369
89	4103
89	4498
89	3768
68	3383
68	3352
68	3488
68	3144
68	3354
68	3422
68	3480
68	3483
68	3400
68	3110
68	3484
68	3376
68	3148
68	3474
68	2883
68	3380
68	3330
68	3412
68	3332
68	3278
68	3472
68	3387
68	3498
68	3491
68	3464
68	3415
68	3410
68	3391
68	3375
68	3497
68	3069
68	3471
68	3379
68	3221
68	3426
68	2928
68	3350
68	3490
68	3226
68	3434
68	3323
68	3398
68	3407
68	2964
68	3496
68	3482
68	3446
68	3372
68	3463
68	3500
68	3287
68	3132
68	3098
68	3071
68	3392
68	3327
68	3045
68	3495
68	3450
68	3465
68	3133
68	3280
68	3180
68	3279
68	3374
68	3023
68	3220
68	3340
68	3462
68	3399
68	2804
68	3456
68	3115
68	3347
68	3477
68	3135
68	3309
68	3189
68	3466
68	3481
68	3291
68	3306
68	3195
68	2832
68	3335
68	3432
68	3492
68	3371
68	3489
68	3377
68	3112
68	3499
68	3451
68	3486
68	3394
68	3468
68	3404
68	3406
68	3487
68	3425
97	4935
97	4852
97	4751
97	4698
97	4418
97	4760
97	4825
97	4936
97	4938
97	4322
97	4709
97	4901
97	4923
97	4907
97	4507
97	4614
97	3707
97	4879
97	4727
97	4836
97	4921
97	4890
97	4911
97	4505
97	4919
97	4807
97	4640
97	4933
97	4841
97	4867
97	4903
97	4211
97	4466
97	4531
97	4854
97	4106
97	4944
97	4895
97	4519
97	4802
97	4657
97	4865
97	4476
97	4840
97	4652
97	4930
97	4711
97	4849
97	4892
97	4905
97	4478
97	4874
97	4687
97	4949
97	4823
97	4885
97	4809
97	4715
97	4752
97	4870
97	4738
97	4848
97	4857
97	4638
97	4810
97	4908
97	4932
97	4489
97	4697
97	4792
97	4675
97	4851
97	4902
97	4635
97	4858
97	4904
97	4588
97	4612
97	4586
97	4066
97	4712
97	4878
97	4806
97	4899
97	4740
97	4470
97	4399
97	4943
97	4535
97	4295
97	4736
97	4078
97	4915
97	4361
97	4894
97	4103
97	4906
97	4626
97	4941
97	4922
1	67
1	78
1	114
1	136
1	66
1	95
1	127
1	34
1	10
1	111
1	14
1	92
1	44
1	18
1	24
1	42
1	29
1	58
1	64
1	51
1	17
1	48
1	8
1	123
1	21
1	1
1	142
1	88
1	138
1	55
1	113
1	59
1	150
1	70
1	115
1	80
1	112
1	45
1	108
1	147
1	62
1	107
1	122
1	15
1	37
1	101
1	129
1	146
1	25
1	73
1	72
1	89
1	110
1	139
1	2
1	41
1	102
1	3
1	74
1	99
1	126
1	71
1	109
1	131
1	140
1	30
1	96
1	120
1	83
1	20
1	87
1	11
1	27
1	19
1	52
1	144
1	116
1	94
1	49
1	149
1	33
1	141
1	148
1	28
1	31
1	68
1	98
1	35
1	16
1	125
1	97
1	117
1	53
1	124
1	26
1	7
1	65
1	135
1	39
1	143
12	666
12	655
12	148
12	653
12	571
12	626
12	622
12	673
12	567
12	357
12	700
12	456
12	509
12	657
12	625
12	593
12	691
12	699
12	660
12	591
12	640
12	693
12	308
12	627
12	664
12	358
12	552
12	438
12	475
12	645
12	479
12	652
12	634
12	465
12	283
12	316
12	565
12	410
12	698
12	469
12	586
12	414
12	633
12	506
12	682
12	366
12	325
12	649
12	635
12	447
12	579
12	459
12	570
12	621
12	503
12	352
12	472
12	519
12	467
12	665
12	644
12	588
12	558
12	222
12	596
12	610
12	651
12	377
12	582
12	412
12	597
12	636
12	482
12	672
12	670
12	663
12	577
12	628
12	533
12	578
12	650
12	661
12	605
12	164
12	599
12	551
12	399
12	658
12	607
12	523
12	608
12	686
12	690
12	409
12	689
12	236
12	478
12	684
12	342
12	455
46	2384
46	2351
46	2337
46	1941
46	2255
46	1780
46	2378
46	1833
46	2240
46	1895
46	2186
46	2276
46	2014
46	2198
46	1585
46	1976
46	1993
46	1979
46	2329
46	2178
46	2261
46	1769
46	2166
46	2199
46	2370
46	2345
46	1387
46	2212
46	2311
46	2389
46	2207
46	2318
46	2271
46	2368
46	2222
46	1856
46	2336
46	1725
46	2037
46	2173
46	2377
46	2398
46	2399
46	2034
46	1247
46	2274
46	2328
46	2285
46	2386
46	2208
46	2357
46	2165
46	1588
46	2075
46	2349
46	2132
46	2029
46	2392
46	1650
46	1998
46	2006
46	2371
46	2269
46	2196
46	2229
46	2023
46	2340
46	788
46	2234
46	2287
46	2321
46	2143
46	2308
46	2390
46	2290
46	2375
46	2280
46	2230
46	2310
46	2395
46	2344
46	2221
46	2333
46	1688
46	1986
46	2301
46	2293
46	2339
46	2110
46	2309
46	2354
46	2190
46	1931
46	1901
46	2130
46	2360
46	2302
46	2383
46	2376
46	2380
62	3147
62	2894
62	3179
62	3156
62	2646
62	3184
62	3105
62	2883
62	3166
62	2981
62	3161
62	3148
62	3031
62	3188
62	3106
62	2497
62	2867
62	3110
62	2999
62	3060
62	3104
62	3191
62	3180
62	3136
62	3069
62	3190
62	3056
62	3189
62	3144
62	3040
62	2928
62	2576
62	3116
62	3113
62	3182
62	2964
62	3195
62	3200
62	3062
62	3177
62	2634
62	3122
62	3192
62	3071
62	3114
62	3045
62	3162
62	2675
62	3133
62	3164
62	3197
62	3066
62	2926
62	3115
62	3178
62	3160
62	3095
62	3023
62	3183
62	2923
62	2782
62	3176
62	2830
62	2804
62	3123
62	3174
62	3109
62	3135
62	3165
62	2196
62	2914
62	3152
62	3102
62	2992
62	3098
62	3103
62	3051
62	3141
62	3121
62	2672
62	2832
62	2908
62	3187
62	3128
62	3198
62	3065
62	3046
62	3076
62	3132
62	3058
62	3185
62	2688
62	2896
62	2973
62	3154
62	3143
62	3112
62	2360
62	3193
62	3159
80	3960
80	3962
80	4089
80	3927
80	3862
80	3987
80	4096
80	3873
80	3945
80	3664
80	3933
80	4063
80	4058
80	4082
80	4053
80	4025
80	3899
80	3707
80	3925
80	3963
80	4046
80	3659
80	4090
80	3898
80	4081
80	3904
80	4098
80	4052
80	3944
80	3820
80	3844
80	3631
80	3823
80	3888
80	4078
80	3766
80	3597
80	4008
80	3750
80	3728
80	3884
80	4030
80	3895
80	4075
80	3875
80	4047
80	3535
80	4006
80	3327
80	3754
80	4091
80	3691
80	3806
80	3991
80	3997
80	4038
80	3986
80	3675
80	3869
80	4035
80	3982
80	4042
80	4023
80	4012
80	3955
80	4026
80	4071
80	3877
80	3860
80	3998
80	3952
80	3758
80	3934
80	4034
80	4065
80	4056
80	3850
80	4066
80	3903
80	3694
80	3977
80	4011
80	4064
80	4044
80	3968
80	4087
80	4057
80	4068
80	3727
80	3591
80	3946
80	3966
80	4036
80	3956
80	3689
80	4093
80	3714
80	3976
80	4097
80	3768
81	4115
81	3960
81	3962
81	4089
81	4134
81	3862
81	3987
81	4142
81	4125
81	3873
81	3945
81	3664
81	4140
81	3933
81	4058
81	4110
81	3899
81	3707
81	3963
81	4046
81	3659
81	4090
81	3898
81	4081
81	3904
81	4098
81	4103
81	4105
81	4149
81	3820
81	3844
81	3631
81	4102
81	3823
81	4111
81	4078
81	3766
81	3597
81	4127
81	4144
81	4008
81	3750
81	3728
81	3895
81	3875
81	4106
81	4146
81	4047
81	3535
81	4006
81	3327
81	3754
81	3806
81	3991
81	4126
81	3997
81	3986
81	4129
81	3675
81	3869
81	4131
81	4122
81	4035
81	3982
81	4107
81	4042
81	4023
81	4012
81	4026
81	3860
81	4135
81	4136
81	3998
81	4124
81	3952
81	3758
81	3934
81	4145
81	4065
81	4056
81	3850
81	4119
81	4066
81	3977
81	4011
81	4138
81	4044
81	4057
81	4068
81	3727
81	4139
81	4116
81	3591
81	3946
81	4036
81	4121
81	3956
81	3689
81	4093
81	3768
19	901
19	635
19	825
19	752
19	760
19	900
19	1035
19	1007
19	993
19	905
19	960
19	987
19	969
19	796
19	1008
19	653
19	976
19	691
19	1014
19	937
19	909
19	985
19	928
19	1050
19	552
19	1043
19	1040
19	989
19	814
19	1012
19	774
19	924
19	962
19	949
19	834
19	973
19	916
19	988
19	1026
19	809
19	881
19	565
19	586
19	626
19	910
19	1032
19	935
19	958
19	856
19	897
19	1025
19	917
19	579
19	902
19	352
19	944
19	1019
19	807
19	1017
19	979
19	977
19	918
19	1003
19	895
19	750
19	997
19	967
19	998
19	712
19	1038
19	883
19	1030
19	788
19	482
19	978
19	970
19	1039
19	811
19	991
19	1042
19	577
19	1036
19	999
19	818
19	707
19	877
19	1024
19	838
19	792
19	994
19	950
19	645
19	865
19	844
19	1045
19	1033
19	1022
19	627
19	864
19	947
10	148
10	593
10	574
10	357
10	510
10	456
10	509
10	42
10	329
10	594
10	323
10	371
10	595
10	537
10	308
10	570
10	358
10	565
10	538
10	438
10	518
10	577
10	475
10	549
10	479
10	490
10	576
10	465
10	568
10	283
10	572
10	316
10	410
10	297
10	392
10	548
10	469
10	512
10	507
10	414
10	599
10	506
10	598
10	474
10	402
10	366
10	325
10	447
10	459
10	503
10	352
10	558
10	472
10	571
10	519
10	600
10	467
10	578
10	302
10	222
10	495
10	513
10	586
10	492
10	377
10	412
10	427
10	539
10	596
10	482
10	553
10	579
10	575
10	334
10	582
10	526
10	434
10	591
10	533
10	164
10	399
10	541
10	531
10	523
10	552
10	559
10	409
10	597
10	236
10	551
10	545
10	478
10	590
10	588
10	567
10	589
10	342
10	511
10	451
10	455
28	1108
28	1492
28	1085
28	1461
28	1278
28	1452
28	1499
28	1479
28	1326
28	1375
28	1119
28	1396
28	1181
28	1463
28	1420
28	1175
28	1059
28	1186
28	937
28	1439
28	909
28	1376
28	1495
28	1448
28	1328
28	1442
28	1432
28	1239
28	1404
28	1482
28	1498
28	1471
28	1384
28	1285
28	1389
28	1455
28	1096
28	1477
28	1454
28	1189
28	1485
28	1251
28	1318
28	1279
28	1447
28	1247
28	1469
28	1385
28	902
28	1467
28	1207
28	1458
28	1403
28	1032
28	1208
28	1371
28	1409
28	1281
28	1431
28	1493
28	1350
28	1233
28	1242
28	1314
28	1361
28	1025
28	1460
28	1421
28	1434
28	1387
28	1184
28	1401
28	1087
28	788
28	1466
28	1413
28	1277
28	1465
28	1198
28	1440
28	1444
28	1500
28	1424
28	1473
28	1337
28	1395
28	1364
28	1323
28	1475
28	1378
28	1462
28	1368
28	1232
28	1436
28	1338
28	1161
28	1474
28	1411
28	1416
28	1017
44	2265
44	1498
44	2274
44	2057
44	1941
44	2255
44	1780
44	2290
44	1326
44	2161
44	1833
44	2240
44	2140
44	1972
44	2216
44	1895
44	2186
44	2014
44	2272
44	2117
44	2198
44	2285
44	1585
44	1976
44	2271
44	1993
44	1979
44	2226
44	2018
44	2178
44	2131
44	2287
44	1769
44	2166
44	2284
44	2276
44	2199
44	1798
44	1387
44	2231
44	2212
44	2207
44	2222
44	2174
44	1856
44	1725
44	2037
44	2173
44	2160
44	2034
44	1857
44	1247
44	2283
44	2098
44	2208
44	2170
44	2165
44	2243
44	1588
44	2075
44	2232
44	2132
44	2029
44	2260
44	1650
44	1998
44	2006
44	2196
44	2229
44	2023
44	2279
44	788
44	2234
44	2280
44	2259
44	2143
44	2200
44	2246
44	2230
44	1198
44	2191
44	2233
44	2264
44	2221
44	1688
44	2261
44	1986
44	2269
44	2110
44	1697
44	2293
44	2297
44	2190
44	2148
44	1931
44	1901
44	2254
44	2130
44	1852
44	2183
69	3383
69	3352
69	3488
69	3354
69	3480
69	3483
69	3532
69	3400
69	3110
69	3484
69	3376
69	3527
69	3550
69	3148
69	3474
69	2883
69	3380
69	3507
69	3330
69	3412
69	3332
69	3525
69	3387
69	3533
69	3531
69	3498
69	3491
69	3536
69	3410
69	3391
69	3375
69	3535
69	3526
69	3471
69	3379
69	3221
69	2928
69	3524
69	3350
69	3490
69	3226
69	3537
69	3398
69	3505
69	3482
69	3446
69	3372
69	3463
69	3500
69	3538
69	3287
69	3514
69	3504
69	3098
69	3071
69	3392
69	3327
69	3495
69	3450
69	3133
69	3279
69	3517
69	3374
69	3547
69	3023
69	3539
69	3340
69	3399
69	2804
69	3456
69	3115
69	3347
69	3477
69	3135
69	3189
69	3520
69	3530
69	3466
69	3291
69	3306
69	3195
69	3540
69	2832
69	3335
69	3432
69	3492
69	3371
69	3489
69	3511
69	3112
69	3499
69	3515
69	3518
69	3528
69	3394
69	3404
69	3548
69	3406
69	3487
69	3425
53	2515
53	2493
53	1941
53	2675
53	1780
53	2723
53	2672
53	2425
53	2710
53	2646
53	2516
53	2240
53	2444
53	2682
53	2459
53	2719
53	2497
53	2500
53	2533
53	2593
53	2663
53	2178
53	2715
53	2472
53	1769
53	2166
53	2714
53	1387
53	2727
53	2616
53	2580
53	2718
53	2576
53	2712
53	2706
53	2720
53	2622
53	2524
53	2173
53	2456
53	2617
53	2634
53	2034
53	2462
53	1247
53	2274
53	2567
53	2749
53	2632
53	2716
53	2725
53	2737
53	2726
53	2746
53	2709
53	2461
53	2645
53	2605
53	2635
53	1998
53	2692
53	2661
53	2744
53	2591
53	2006
53	2721
53	2196
53	2229
53	2688
53	2666
53	2599
53	2475
53	2408
53	2618
53	2729
53	2489
53	2708
53	2735
53	2344
53	2694
53	2662
53	2621
53	2506
53	2513
53	2629
53	2655
53	2699
53	2743
53	2722
53	2588
53	2696
53	1931
53	1901
53	2130
53	2360
53	2626
53	2302
53	2383
53	2604
53	2738
95	4767
95	4751
95	4698
95	4418
95	4760
95	4817
95	4607
95	4641
95	4825
95	4322
95	4709
95	4782
95	4833
95	4824
95	4507
95	4614
95	3707
95	4818
95	4557
95	4727
95	4836
95	4505
95	4846
95	4807
95	4801
95	4640
95	4656
95	4841
95	4703
95	4211
95	4787
95	4466
95	4808
95	4845
95	4531
95	4106
95	4618
95	4519
95	4802
95	4657
95	4476
95	4789
95	4840
95	4759
95	4652
95	4735
95	4743
95	4850
95	4835
95	4711
95	4849
95	4478
95	4553
95	4687
95	4823
95	4809
95	4526
95	4715
95	4752
95	4548
95	4738
95	4848
95	4638
95	4810
95	4489
95	4815
95	4697
95	4792
95	4675
95	4473
95	4813
95	4635
95	4837
95	4819
95	4588
95	4612
95	4586
95	4066
95	4712
95	4536
95	4658
95	4806
95	4373
95	4740
95	4470
95	4399
95	4068
95	4535
95	4295
95	4693
95	4736
95	4576
95	4078
95	4776
95	4361
95	4103
95	4775
95	4379
95	4626
95	4832
92	4367
92	4666
92	4418
92	4607
92	4697
92	4700
92	4322
92	4416
92	3945
92	4678
92	4693
92	4568
92	4659
92	4641
92	4655
92	4507
92	4369
92	3899
92	4698
92	3707
92	4557
92	4696
92	4685
92	4589
92	4505
92	4671
92	4612
92	4459
92	4648
92	4562
92	4211
92	4601
92	4466
92	4531
92	4429
92	4106
92	4587
92	4615
92	4687
92	4508
92	4519
92	4264
92	4476
92	4524
92	4675
92	4614
92	4569
92	4690
92	4478
92	4553
92	4227
92	4694
92	4526
92	4639
92	4548
92	4571
92	4489
92	4439
92	4500
92	4638
92	4354
92	4635
92	4473
92	4517
92	4652
92	4664
92	4588
92	4611
92	4640
92	4448
92	3850
92	4651
92	4311
92	4541
92	4586
92	4066
92	4536
92	4328
92	4626
92	4373
92	4528
92	4470
92	4399
92	4068
92	4535
92	4695
92	4295
92	4618
92	4656
92	4576
92	4078
92	4681
92	4692
92	4658
92	4361
92	4103
92	4657
92	4646
92	4379
92	4622
91	4367
91	4418
91	4607
91	4585
91	4322
91	4416
91	3945
91	4568
91	4641
91	4507
91	4369
91	3899
91	3707
91	4557
91	4455
91	4625
91	4589
91	4505
91	3904
91	4612
91	4459
91	4624
91	4648
91	4562
91	4499
91	4211
91	4467
91	4601
91	4466
91	4531
91	4631
91	4429
91	4106
91	4587
91	4615
91	4406
91	4508
91	4519
91	4564
91	4264
91	4476
91	4590
91	4524
91	4401
91	4637
91	4551
91	4561
91	4614
91	4525
91	3327
91	4569
91	4478
91	4553
91	4227
91	4526
91	4639
91	4548
91	4571
91	4035
91	4489
91	4439
91	4604
91	4500
91	4375
91	4638
91	4354
91	4635
91	4473
91	4517
91	4588
91	4611
91	4640
91	4448
91	3850
91	4311
91	4541
91	4586
91	4066
91	4536
91	4328
91	4626
91	4011
91	4373
91	4528
91	4470
91	4617
91	4399
91	4068
91	4535
91	4295
91	4618
91	4576
91	4078
91	4602
91	4361
91	4592
91	4103
91	4646
91	4379
91	4622
29	1498
29	1108
29	1528
29	1385
29	1474
29	1085
29	1543
29	1482
29	1278
29	1458
29	1403
29	1550
29	1466
29	1326
29	1375
29	1119
29	1475
29	1469
29	1389
29	1181
29	1549
29	1059
29	1420
29	1186
29	1416
29	937
29	909
29	1376
29	1477
29	1439
29	1328
29	1525
29	1239
29	1509
29	1500
29	1527
29	1384
29	1387
29	1401
29	1285
29	1409
29	1512
29	1536
29	1523
29	1447
29	1251
29	1318
29	1532
29	1518
29	1247
29	1499
29	1493
29	1504
29	902
29	1455
29	1207
29	1032
29	1432
29	1501
29	1461
29	1281
29	1350
29	1233
29	1465
29	1242
29	1361
29	1431
29	1526
29	1424
29	1535
29	1448
29	1184
29	1087
29	788
29	1440
29	1436
29	1463
29	1524
29	1277
29	1444
29	1198
29	1411
29	1520
29	1460
29	1337
29	1511
29	1519
29	1421
29	1541
29	1516
29	1364
29	1323
29	1378
29	1434
29	1368
29	1396
29	1338
29	1467
29	1161
29	1017
6	324
6	382
6	148
6	179
6	245
6	321
6	261
6	370
6	231
6	241
6	341
6	358
6	42
6	374
6	329
6	126
6	399
6	323
6	308
6	363
6	212
6	166
6	344
6	326
6	264
6	352
6	204
6	199
6	357
6	327
6	283
6	45
6	173
6	226
6	319
6	316
6	289
6	235
6	368
6	398
6	37
6	297
6	284
6	276
6	258
6	178
6	335
6	359
6	314
6	25
6	292
6	339
6	325
6	215
6	392
6	70
6	294
6	72
6	247
6	302
6	198
6	222
6	194
6	377
6	240
6	275
6	280
6	396
6	301
6	364
6	393
6	213
6	27
6	334
6	135
6	67
6	125
6	211
6	206
6	311
6	351
6	366
6	164
6	322
6	101
6	305
6	28
6	371
6	111
6	360
6	373
6	236
6	355
6	143
6	309
6	209
6	362
6	400
6	342
6	163
93	4615
93	4698
93	4418
93	4607
93	4641
93	4744
93	4322
93	4416
93	4666
93	4745
93	4709
93	4568
93	4507
93	4614
93	3707
93	4557
93	4727
93	4646
93	4589
93	4505
93	4640
93	4562
93	4656
93	4726
93	4703
93	4211
93	4466
93	4531
93	4106
93	4618
93	4725
93	4700
93	4508
93	4519
93	4657
93	4476
93	4652
93	4735
93	4714
93	4743
93	4711
93	4741
93	4478
93	4553
93	4687
93	4750
93	4526
93	4715
93	4728
93	4548
93	4738
93	4638
93	4571
93	4489
93	4439
93	4500
93	4697
93	4664
93	4675
93	4473
93	4635
93	4648
93	4588
93	4718
93	4448
93	4612
93	3850
93	4311
93	4541
93	4704
93	4586
93	4066
93	4712
93	4705
93	4639
93	4536
93	4622
93	4658
93	4328
93	4373
93	4740
93	4470
93	4399
93	4068
93	4730
93	4535
93	4295
93	4707
93	4729
93	4693
93	4736
93	4576
93	4078
93	4706
93	4361
93	4103
93	4685
93	4379
93	4723
93	4626
49	2515
49	2494
49	2337
49	2493
49	2407
49	1941
49	1780
49	2425
49	2541
49	2451
49	2516
49	2240
49	2433
49	2444
49	2405
49	1895
49	2186
49	2459
49	2276
49	2403
49	2497
49	2533
49	1585
49	1993
49	2500
49	1979
49	2534
49	2178
49	2472
49	1769
49	2166
49	2345
49	1387
49	2526
49	2531
49	2424
49	2528
49	2416
49	2207
49	2412
49	2271
49	2524
49	1725
49	2037
49	2173
49	2456
49	2517
49	2491
49	2034
49	2462
49	1247
49	2274
49	2453
49	2328
49	2386
49	2507
49	2357
49	1588
49	2550
49	2503
49	2461
49	2532
49	2450
49	2523
49	1650
49	1998
49	2402
49	2426
49	2006
49	2196
49	2229
49	2452
49	2522
49	788
49	2501
49	2475
49	2421
49	2480
49	2308
49	2408
49	2489
49	2280
49	2527
49	2535
49	2344
49	2506
49	1986
49	2539
49	2513
49	2301
49	2293
49	2409
49	2478
49	2190
49	1931
49	1901
49	2130
49	2360
49	2302
49	2383
90	4523
90	4367
90	4418
90	4585
90	4322
90	4416
90	3945
90	4518
90	4568
90	4507
90	4369
90	3899
90	3707
90	4263
90	4557
90	4455
90	4589
90	4505
90	3904
90	4556
90	4459
90	4593
90	4562
90	4591
90	4499
90	4211
90	4467
90	4466
90	4475
90	4534
90	4392
90	4531
90	4429
90	4106
90	4587
90	4406
90	4579
90	4508
90	4519
90	4564
90	4567
90	4511
90	4264
90	4476
90	4590
90	4524
90	4401
90	4551
90	4006
90	4561
90	4525
90	3327
90	4569
90	4478
90	4583
90	4553
90	4227
90	4454
90	4526
90	4548
90	4166
90	4571
90	4035
90	3982
90	4489
90	4439
90	4500
90	4375
90	4354
90	4473
90	4345
90	4517
90	4575
90	4588
90	4448
90	4458
90	3850
90	4311
90	4541
90	4586
90	4066
90	4536
90	4328
90	4011
90	4373
90	4528
90	4582
90	4470
90	4399
90	4068
90	4436
90	4535
90	4198
90	4295
90	4576
90	4078
90	4361
90	4592
90	4103
90	4379
96	4852
96	4751
96	4698
96	4418
96	4760
96	4641
96	4825
96	4322
96	4709
96	4782
96	4833
96	4824
96	4507
96	4888
96	4614
96	3707
96	4879
96	4727
96	4836
96	4890
96	4896
96	4505
96	4846
96	4807
96	4640
96	4841
96	4867
96	4703
96	4211
96	4466
96	4808
96	4531
96	4854
96	4106
96	4895
96	4860
96	4519
96	4802
96	4657
96	4864
96	4865
96	4476
96	4840
96	4652
96	4850
96	4835
96	4711
96	4849
96	4892
96	4478
96	4874
96	4553
96	4859
96	4687
96	4876
96	4823
96	4885
96	4809
96	4526
96	4715
96	4752
96	4870
96	4738
96	4848
96	4857
96	4638
96	4871
96	4810
96	4489
96	4815
96	4697
96	4792
96	4675
96	4473
96	4869
96	4851
96	4635
96	4858
96	4819
96	4588
96	4612
96	4586
96	4066
96	4712
96	4878
96	4866
96	4806
96	4899
96	4740
96	4470
96	4399
96	4535
96	4295
96	4693
96	4736
96	4078
96	4361
96	4894
96	4103
96	4626
65	3144
65	3225
65	3347
65	3222
65	3231
65	3190
65	3342
65	3110
65	3306
65	3182
65	3178
65	3148
65	2883
65	3305
65	3350
65	3323
65	3313
65	3223
65	3198
65	3193
65	3174
65	3104
65	3309
65	3109
65	3330
65	3116
65	3293
65	2867
65	3069
65	3235
65	3272
65	3303
65	3221
65	2928
65	3188
65	3304
65	3226
65	3266
65	3290
65	3327
65	3344
65	2964
65	3348
65	3331
65	3132
65	3098
65	3233
65	3292
65	3201
65	3071
65	3045
65	3339
65	3343
65	3114
65	3133
65	3317
65	3279
65	3180
65	3245
65	3187
65	3095
65	3294
65	3278
65	3023
65	3220
65	2782
65	3311
65	2804
65	3302
65	3115
65	3288
65	3162
65	3135
65	3189
65	3308
65	3298
65	3335
65	3280
65	3230
65	3106
65	3346
65	3283
65	3340
65	3349
65	3195
65	3291
65	3264
65	3287
65	2832
65	3102
65	3332
65	3312
65	3112
65	3046
65	3165
65	3325
65	3251
65	2360
65	3328
65	3203
26	1108
26	1299
26	1085
26	1380
26	962
26	1374
26	1356
26	1278
26	985
26	1075
26	1326
26	1375
26	1119
26	1360
26	1396
26	1181
26	1175
26	1059
26	1294
26	1186
26	937
26	909
26	1235
26	1376
26	1259
26	1379
26	1328
26	1335
26	1353
26	1331
26	1391
26	1239
26	1377
26	1384
26	1285
26	1156
26	1389
26	1366
26	1096
26	1222
26	1189
26	1251
26	1318
26	935
26	1316
26	1279
26	856
26	1247
26	1385
26	1321
26	902
26	1214
26	1207
26	1032
26	1363
26	1208
26	1371
26	1281
26	1079
26	1201
26	1350
26	1132
26	1233
26	1242
26	1354
26	1314
26	1357
26	1361
26	1322
26	1025
26	1220
26	1387
26	1184
26	1087
26	788
26	1206
26	1260
26	1334
26	1398
26	1358
26	1277
26	1198
26	1306
26	1359
26	1337
26	1395
26	1093
26	1364
26	1323
26	1177
26	1091
26	1378
26	1129
26	1368
26	1231
26	1232
26	1338
26	991
26	1161
26	1017
88	4319
88	4345
88	4373
88	4473
88	4361
88	4322
88	4316
88	3945
88	4416
88	4367
88	4275
88	4458
88	3899
88	4448
88	3707
88	4263
88	4466
88	4338
88	3904
88	4240
88	4500
88	4454
88	4429
88	4211
88	4496
88	4106
88	4442
88	4493
88	4436
88	4470
88	4392
88	4264
88	4144
88	4309
88	4379
88	4444
88	4487
88	4479
88	4440
88	4437
88	4006
88	4427
88	4375
88	4399
88	3327
88	4359
88	4227
88	4296
88	4462
88	4494
88	4459
88	4166
88	4387
88	4035
88	3982
88	4435
88	4439
88	4491
88	4012
88	4453
88	4482
88	4423
88	4499
88	4463
88	4477
88	4196
88	4321
88	4476
88	4455
88	4489
88	4467
88	4447
88	4406
88	4443
88	4401
88	3850
88	4311
88	4298
88	4066
88	4402
88	4354
88	4388
88	4328
88	4011
88	4057
88	4068
88	4198
88	4475
88	4295
88	4478
88	4398
88	4391
88	4078
88	4418
88	4419
88	4369
88	4103
88	4456
88	4498
88	3768
85	4319
85	4345
85	3862
85	4346
85	4199
85	4322
85	4316
85	3945
85	4318
85	4275
85	4215
85	3899
85	3707
85	4263
85	4339
85	4210
85	4251
85	4256
85	3659
85	4338
85	3904
85	4240
85	4326
85	4219
85	3820
85	3844
85	4211
85	4268
85	3823
85	4340
85	4325
85	4174
85	4119
85	4106
85	4221
85	4290
85	4315
85	4008
85	3728
85	4241
85	4264
85	4297
85	4144
85	4337
85	4309
85	4136
85	4261
85	4278
85	4006
85	4330
85	3327
85	3754
85	4306
85	4244
85	4227
85	4269
85	3675
85	4296
85	4166
85	3869
85	4035
85	3982
85	4012
85	4154
85	4248
85	4231
85	3998
85	4225
85	4196
85	4321
85	4160
85	4265
85	4348
85	4229
85	3758
85	4239
85	4176
85	4065
85	3850
85	4311
85	4298
85	4066
85	4328
85	4313
85	3977
85	4011
85	4044
85	4057
85	4068
85	4349
85	4334
85	4198
85	4295
85	4182
85	3956
85	4078
85	3689
85	4103
85	3768
85	4238
73	3709
73	3680
73	3729
73	3110
73	3668
73	3527
73	3710
73	3548
73	3412
73	3332
73	3726
73	3691
73	3500
73	3644
73	3692
73	3554
73	3609
73	3666
73	3536
73	3746
73	3693
73	3714
73	3689
73	2928
73	3739
73	3550
73	3621
73	3505
73	3721
73	3581
73	3597
73	3398
73	3642
73	3570
73	3728
73	3653
73	3287
73	3592
73	3732
73	3571
73	3098
73	3535
73	3706
73	3327
73	3748
73	3589
73	3750
73	3655
73	3736
73	3133
73	3489
73	3747
73	3675
73	3690
73	3715
73	3374
73	3695
73	3517
73	3663
73	3656
73	3598
73	3347
73	3135
73	3669
73	3638
73	3511
73	3697
73	3189
73	3631
73	3723
73	3745
73	3586
73	3659
73	3616
73	3291
73	3573
73	3707
73	3711
73	3524
73	3741
73	2832
73	3643
73	3694
73	3727
73	3660
73	3742
73	3703
73	3591
73	3569
73	3394
73	3701
73	3606
73	3619
73	3551
73	3719
73	3564
73	3664
73	3712
73	3474
73	3718
3	246
3	148
3	245
3	129
3	172
3	112
3	62
3	212
3	213
3	107
3	199
3	18
3	131
3	224
3	179
3	42
3	247
3	51
3	48
3	126
3	215
3	178
3	166
3	139
3	230
3	55
3	59
3	140
3	206
3	89
3	207
3	45
3	173
3	204
3	198
3	158
3	226
3	122
3	37
3	175
3	167
3	94
3	208
3	153
3	195
3	25
3	241
3	88
3	65
3	156
3	115
3	235
3	154
3	70
3	72
3	243
3	159
3	87
3	169
3	236
3	41
3	209
3	184
3	231
3	227
3	123
3	239
3	203
3	240
3	234
3	211
3	248
3	242
3	189
3	11
3	27
3	135
3	127
3	67
3	125
3	138
3	194
3	49
3	164
3	220
3	101
3	28
3	177
3	136
3	238
3	16
3	111
3	53
3	98
3	157
3	143
3	26
3	102
3	222
3	163
41	1498
41	2093
41	2042
41	2020
41	1941
41	1937
41	2136
41	1780
41	2117
41	2047
41	1992
41	2130
41	2116
41	1326
41	1833
41	2137
41	2041
41	1972
41	1186
41	1895
41	2027
41	1778
41	1801
41	1585
41	1976
41	1664
41	1993
41	1979
41	1771
41	2019
41	1662
41	1769
41	2039
41	2014
41	2099
41	1798
41	1387
41	1795
41	2022
41	2074
41	1712
41	2098
41	2029
41	1856
41	2023
41	2115
41	1725
41	2148
41	1857
41	1247
41	2075
41	2034
41	2109
41	1981
41	1588
41	2135
41	2006
41	1765
41	1866
41	1242
41	2055
41	2131
41	2012
41	2110
41	1650
41	1998
41	2118
41	1511
41	1963
41	788
41	2054
41	2114
41	2134
41	2105
41	2095
41	2132
41	2143
41	1198
41	2125
41	1904
41	1688
41	1986
41	2037
41	2096
41	2026
41	2144
41	2018
41	1697
41	2140
41	2057
41	1785
41	2111
41	1715
41	2050
41	1931
41	1996
41	1901
41	1852
41	1790
41	2141
2	147
2	148
2	129
2	180
2	172
2	112
2	182
2	62
2	10
2	107
2	192
2	44
2	199
2	64
2	18
2	131
2	179
2	42
2	124
2	51
2	48
2	126
2	8
2	178
2	166
2	139
2	55
2	59
2	140
2	149
2	89
2	80
2	45
2	173
2	198
2	158
2	15
2	122
2	37
2	175
2	167
2	94
2	188
2	176
2	153
2	195
2	25
2	88
2	65
2	156
2	115
2	154
2	70
2	72
2	120
2	159
2	87
2	169
2	2
2	41
2	183
2	184
2	92
2	168
2	99
2	123
2	110
2	144
2	189
2	20
2	11
2	27
2	19
2	135
2	127
2	52
2	67
2	125
2	138
2	194
2	109
2	49
2	164
2	101
2	28
2	97
2	31
2	177
2	136
2	191
2	16
2	111
2	53
2	98
2	157
2	143
2	26
2	7
2	102
2	163
55	2493
55	1941
55	2776
55	2720
55	2712
55	2425
55	2813
55	2803
55	2646
55	2516
55	2240
55	2743
55	2801
55	2766
55	2790
55	2824
55	2744
55	2696
55	2497
55	2500
55	2830
55	2533
55	2663
55	2472
55	2836
55	1769
55	1387
55	2781
55	2837
55	2725
55	2778
55	2580
55	2576
55	2818
55	2791
55	2798
55	2833
55	2622
55	2524
55	2456
55	2617
55	2782
55	2634
55	2034
55	2846
55	1247
55	2274
55	2567
55	2794
55	2808
55	2838
55	2783
55	2632
55	2764
55	2770
55	2675
55	2729
55	2756
55	2605
55	2635
55	2753
55	1998
55	2841
55	2832
55	2196
55	2710
55	2229
55	2666
55	2475
55	2802
55	2806
55	2784
55	2408
55	2819
55	2843
55	2672
55	2827
55	2773
55	2629
55	2792
55	2804
55	2694
55	2688
55	2715
55	2588
55	2714
55	2809
55	2815
55	2807
55	1901
55	2722
55	2360
55	2812
55	2626
55	2302
55	2849
55	2755
55	2604
55	2821
55	2796
37	1498
37	1762
37	1385
37	1780
37	1884
37	1541
37	1942
37	1927
37	1904
37	1914
37	1950
37	1891
37	1326
37	1833
37	1937
37	1389
37	1821
37	1907
37	1186
37	1934
37	1799
37	1778
37	1913
37	1328
37	1916
37	1801
37	1600
37	1585
37	1664
37	1902
37	1823
37	1771
37	1239
37	1858
37	1923
37	1662
37	1769
37	1384
37	1909
37	1798
37	1387
37	1586
37	1931
37	1795
37	1820
37	1922
37	1874
37	1712
37	1615
37	1930
37	1854
37	1856
37	1596
37	1725
37	1857
37	1247
37	1493
37	1945
37	1887
37	1673
37	1824
37	1588
37	1862
37	1765
37	1242
37	1943
37	1781
37	1431
37	1933
37	1650
37	1880
37	1511
37	1184
37	1639
37	788
37	1921
37	1841
37	1776
37	1760
37	1625
37	1866
37	1198
37	1895
37	1688
37	1886
37	1642
37	1723
37	1421
37	1697
37	1941
37	1785
37	1715
37	1882
37	1852
37	1790
37	1901
37	1888
37	1694
37	1161
37	1881
31	1498
31	1642
31	1639
31	1385
31	1550
31	1625
31	1541
31	1482
31	1608
31	1591
31	1326
31	1610
31	1375
31	1475
31	1528
31	1389
31	1649
31	1420
31	1186
31	1416
31	1590
31	937
31	1552
31	1604
31	1477
31	1439
31	1328
31	1650
31	1600
31	1585
31	1239
31	1616
31	1592
31	1384
31	1527
31	1601
31	1387
31	1622
31	1586
31	1509
31	1613
31	1285
31	1582
31	1409
31	1624
31	1634
31	1596
31	1447
31	1587
31	1247
31	1493
31	1557
31	1516
31	1638
31	1568
31	1207
31	1594
31	1032
31	1532
31	1633
31	1432
31	1588
31	1281
31	1233
31	1465
31	1242
31	1512
31	1431
31	1637
31	1632
31	1571
31	1448
31	1647
31	1618
31	1511
31	1576
31	1184
31	1087
31	788
31	1615
31	1436
31	1553
31	1643
31	1602
31	1198
31	1555
31	1617
31	1631
31	1460
31	1337
31	1614
31	1421
31	1364
31	1611
31	1560
31	1368
31	1396
31	1628
31	1161
31	1017
42	1498
42	2057
42	1941
42	1937
42	2144
42	1780
42	2160
42	2191
42	2164
42	2114
42	1326
42	1833
42	2140
42	2141
42	1972
42	1895
42	2014
42	1778
42	2117
42	2187
42	1801
42	1585
42	1976
42	1664
42	2197
42	1993
42	1979
42	2156
42	2018
42	1662
42	2099
42	2190
42	2131
42	2196
42	1769
42	2180
42	1798
42	1387
42	2178
42	1795
42	1712
42	2200
42	2199
42	1856
42	1725
42	2037
42	2022
42	2034
42	1857
42	1247
42	2012
42	2098
42	2039
42	1981
42	1588
42	2075
42	1765
42	1866
42	2132
42	2029
42	2125
42	1650
42	1998
42	2198
42	2006
42	1511
42	2165
42	1963
42	2166
42	2023
42	2170
42	788
42	2173
42	2041
42	2143
42	2096
42	1198
42	2105
42	2157
42	1688
42	1986
42	2188
42	2174
42	2110
42	2054
42	1697
42	2050
42	1785
42	2186
42	2148
42	1715
42	1931
42	1996
42	1901
42	2130
42	1852
42	1790
42	2161
42	2183
42	2135
63	3216
63	3212
63	3201
63	2894
63	3225
63	3203
63	3156
63	3184
63	3235
63	2883
63	3148
63	3214
63	3188
63	3106
63	2497
63	2867
63	3110
63	2999
63	3060
63	3104
63	3180
63	3069
63	3190
63	3220
63	3056
63	3222
63	3245
63	3189
63	3144
63	3040
63	2928
63	3226
63	3244
63	3116
63	3113
63	3182
63	2964
63	3213
63	3195
63	3200
63	3062
63	3192
63	3071
63	3114
63	3045
63	3162
63	3221
63	2675
63	3215
63	3219
63	3133
63	3164
63	3223
63	3066
63	3115
63	3178
63	3160
63	3095
63	3233
63	3023
63	2923
63	3249
63	2782
63	3176
63	2830
63	2804
63	3230
63	3174
63	3109
63	3135
63	3165
63	3152
63	3102
63	3238
63	2992
63	3098
63	3051
63	3204
63	3224
63	3141
63	3231
63	2832
63	3187
63	3198
63	3065
63	3046
63	3206
63	3132
63	3058
63	3185
63	3217
63	2688
63	3208
63	2896
63	3154
63	3143
63	3112
63	2360
63	3193
63	3159
17	901
17	635
17	945
17	882
17	825
17	931
17	752
17	819
17	760
17	900
17	940
17	905
17	781
17	894
17	796
17	653
17	691
17	937
17	909
17	664
17	928
17	552
17	869
17	790
17	898
17	814
17	774
17	924
17	949
17	834
17	850
17	916
17	758
17	809
17	881
17	565
17	946
17	586
17	626
17	929
17	910
17	935
17	856
17	621
17	878
17	897
17	749
17	917
17	579
17	902
17	352
17	472
17	886
17	944
17	915
17	807
17	652
17	717
17	222
17	918
17	739
17	932
17	895
17	750
17	826
17	712
17	873
17	883
17	693
17	788
17	649
17	482
17	811
17	577
17	828
17	789
17	818
17	919
17	578
17	707
17	877
17	164
17	838
17	792
17	523
17	608
17	943
17	950
17	787
17	857
17	645
17	865
17	844
17	860
17	769
17	627
17	914
17	864
17	947
17	927
33	1498
33	1679
33	1728
33	1385
33	1550
33	1541
33	1591
33	1633
33	1326
33	1375
33	1718
33	1475
33	1389
33	1707
33	1420
33	1186
33	1552
33	1604
33	1328
33	1600
33	1585
33	1664
33	1239
33	1634
33	1662
33	1667
33	1658
33	1384
33	1527
33	1601
33	1708
33	1678
33	1387
33	1586
33	1632
33	1693
33	1409
33	1611
33	1712
33	1622
33	1746
33	1615
33	1596
33	1716
33	1738
33	1725
33	1690
33	1247
33	1681
33	1493
33	1673
33	1683
33	1719
33	1557
33	1617
33	1729
33	1675
33	1568
33	1207
33	1594
33	1616
33	1588
33	1281
33	1750
33	1242
33	1734
33	1431
33	1650
33	1618
33	1571
33	1672
33	1744
33	1511
33	1184
33	1638
33	1703
33	1639
33	1087
33	788
33	1717
33	1625
33	1198
33	1714
33	1657
33	1460
33	1720
33	1688
33	1337
33	1642
33	1723
33	1421
33	1697
33	1364
33	1560
33	1715
33	1745
33	1677
33	1694
33	1161
33	1017
58	2951
58	2982
58	2894
58	2720
58	2986
58	2969
58	2646
58	2970
58	2968
58	2833
58	2966
58	2883
58	2516
58	2240
58	2996
58	2964
58	2846
58	2999
58	2744
58	2899
58	2497
58	2867
58	2500
58	2663
58	1769
58	2930
58	1387
58	2806
58	2904
58	2928
58	2874
58	2725
58	2580
58	2576
58	2993
58	2815
58	2622
58	2617
58	2634
58	2034
58	1247
58	2567
58	2973
58	2961
58	2824
58	2764
58	2921
58	2942
58	2675
58	2729
58	2776
58	2838
58	2860
58	2926
58	2941
58	2605
58	2841
58	1998
58	2923
58	2782
58	2830
58	2804
58	2196
58	2710
58	2976
58	2229
58	2914
58	2666
58	2475
58	2965
58	2995
58	2672
58	2905
58	2832
58	2796
58	2936
58	2908
58	2784
58	2933
58	2794
58	2992
58	2688
58	2588
58	2783
58	2714
58	2952
58	2946
58	2896
58	2956
58	2981
58	2948
58	2939
58	2722
58	2902
58	2360
58	2626
58	2990
58	2893
58	2604
58	2803
5	304
5	324
5	148
5	179
5	239
5	245
5	321
5	261
5	231
5	241
5	341
5	315
5	42
5	329
5	208
5	330
5	126
5	323
5	308
5	212
5	166
5	344
5	326
5	264
5	204
5	199
5	347
5	327
5	89
5	283
5	45
5	173
5	226
5	319
5	316
5	289
5	235
5	37
5	297
5	167
5	284
5	276
5	258
5	178
5	335
5	314
5	25
5	292
5	339
5	325
5	215
5	156
5	340
5	70
5	294
5	72
5	87
5	247
5	302
5	198
5	222
5	260
5	123
5	194
5	240
5	253
5	275
5	280
5	301
5	331
5	291
5	343
5	213
5	27
5	334
5	135
5	67
5	125
5	211
5	206
5	138
5	311
5	164
5	322
5	101
5	305
5	227
5	28
5	16
5	262
5	111
5	189
5	98
5	236
5	143
5	309
5	209
5	306
5	342
5	163
9	148
9	441
9	321
9	231
9	400
9	527
9	357
9	510
9	456
9	502
9	509
9	42
9	329
9	540
9	323
9	371
9	537
9	308
9	358
9	538
9	438
9	518
9	475
9	549
9	479
9	490
9	465
9	508
9	283
9	173
9	515
9	319
9	316
9	410
9	297
9	392
9	548
9	469
9	512
9	507
9	414
9	506
9	498
9	474
9	534
9	402
9	366
9	325
9	447
9	459
9	503
9	352
9	374
9	472
9	72
9	519
9	501
9	467
9	530
9	302
9	222
9	495
9	513
9	542
9	492
9	377
9	412
9	427
9	539
9	301
9	482
9	393
9	529
9	504
9	334
9	135
9	516
9	526
9	434
9	533
9	164
9	399
9	101
9	541
9	531
9	523
9	409
9	362
9	544
9	236
9	143
9	545
9	478
9	363
9	309
9	342
9	511
9	451
9	455
9	163
78	3877
78	3991
78	3885
78	3799
78	3899
78	3715
78	3986
78	3952
78	3664
78	3911
78	3548
78	3902
78	3960
78	3888
78	3956
78	3707
78	3850
78	3955
78	3659
78	3865
78	3967
78	3985
78	3904
78	3997
78	3977
78	3862
78	3966
78	3820
78	3844
78	3631
78	3976
78	3823
78	3927
78	3834
78	3766
78	3505
78	3968
78	3597
78	3913
78	3898
78	3570
78	3869
78	3750
78	3728
78	3535
78	3987
78	3327
78	3754
78	3982
78	3691
78	3806
78	3873
78	3680
78	3903
78	3925
78	3944
78	3961
78	3998
78	3962
78	3675
78	3729
78	3959
78	3963
78	3884
78	3964
78	3957
78	3875
78	3810
78	3880
78	3975
78	3879
78	3643
78	3758
78	3818
78	3586
78	3616
78	3693
78	3821
78	3895
78	3832
78	3694
78	3917
78	3996
78	3945
78	3860
78	3703
78	3784
78	3792
78	3842
78	3727
78	3591
78	3973
78	3916
78	3689
78	3714
78	3934
78	3933
78	3900
78	3946
78	3768
57	2908
57	2939
57	2720
57	2930
57	2646
57	2833
57	2516
57	2240
57	2802
57	2766
57	2846
57	2744
57	2905
57	2497
57	2893
57	2942
57	2500
57	2867
57	2663
57	2947
57	2943
57	2946
57	2472
57	2849
57	1769
57	1387
57	2806
57	2725
57	2580
57	2576
57	2914
57	2949
57	2815
57	2622
57	2874
57	2617
57	2634
57	2034
57	1247
57	2567
57	2948
57	2824
57	2764
57	2675
57	2729
57	2776
57	2896
57	2911
57	2838
57	2860
57	2940
57	2605
57	2841
57	1998
57	2782
57	2830
57	2936
57	2804
57	2821
57	2923
57	2196
57	2710
57	2229
57	2902
57	2926
57	2904
57	2666
57	2894
57	2916
57	2475
57	2408
57	2921
57	2672
57	2832
57	2796
57	2913
57	2907
57	2899
57	2941
57	2784
57	2852
57	2807
57	2794
57	2688
57	2715
57	2588
57	2783
57	2714
57	2895
57	2778
57	2933
57	2722
57	2360
57	2626
57	2302
57	2883
57	2755
57	2604
57	2803
57	2928
8	324
8	432
8	382
8	148
8	179
8	321
8	494
8	231
8	496
8	409
8	358
8	42
8	478
8	374
8	329
8	473
8	495
8	126
8	399
8	323
8	498
8	308
8	402
8	363
8	166
8	472
8	434
8	352
8	199
8	357
8	455
8	467
8	283
8	474
8	173
8	226
8	319
8	316
8	289
8	235
8	368
8	297
8	276
8	479
8	447
8	314
8	25
8	484
8	339
8	325
8	492
8	438
8	392
8	294
8	72
8	414
8	493
8	247
8	302
8	198
8	222
8	412
8	449
8	451
8	377
8	490
8	475
8	427
8	410
8	301
8	393
8	334
8	486
8	135
8	463
8	67
8	466
8	366
8	164
8	322
8	101
8	469
8	424
8	411
8	371
8	491
8	465
8	459
8	456
8	236
8	442
8	143
8	309
8	481
8	362
8	441
8	400
8	342
8	482
8	163
39	1927
39	1498
39	2042
39	1762
39	2020
39	1941
39	1385
39	1937
39	1780
39	2047
39	1992
39	1326
39	1833
39	2041
39	1972
39	1186
39	1907
39	1895
39	2027
39	1799
39	1778
39	1801
39	1600
39	1585
39	1976
39	1664
39	1874
39	1993
39	1979
39	2036
39	1823
39	1771
39	2019
39	1662
39	1769
39	2039
39	2014
39	1798
39	1387
39	1586
39	1945
39	1977
39	1795
39	2022
39	1820
39	1712
39	2029
39	1856
39	2023
39	1725
39	1857
39	1247
39	1824
39	2034
39	1884
39	1981
39	1588
39	2032
39	1882
39	2006
39	1765
39	1866
39	1242
39	2003
39	2012
39	1916
39	1650
39	1998
39	1891
39	1970
39	1511
39	1963
39	788
39	2044
39	2021
39	1198
39	1973
39	1904
39	1688
39	1986
39	2015
39	2037
39	2007
39	2026
39	1642
39	2018
39	1697
39	1888
39	1785
39	1715
39	1953
39	2050
39	1931
39	1996
39	1901
39	1852
39	1790
39	2040
39	1694
39	1161
99	4895
99	5012
99	5045
99	5039
99	4969
99	5003
99	4322
99	4709
99	4899
99	5001
99	4930
99	4970
99	4885
99	5020
99	4507
99	4809
99	3707
99	4936
99	4907
99	4505
99	4933
99	4836
99	4879
99	4905
99	4979
99	4825
99	4975
99	4740
99	4962
99	4211
99	4854
99	5033
99	4531
99	4807
99	4106
99	4751
99	5037
99	4519
99	4657
99	4957
99	5010
99	5029
99	4652
99	4938
99	5019
99	5046
99	4982
99	4848
99	4711
99	5048
99	4687
99	4952
99	5047
99	4944
99	4715
99	5017
99	5050
99	4752
99	4638
99	4932
99	4949
99	4489
99	5008
99	4966
99	4976
99	4760
99	4852
99	4954
99	4675
99	4921
99	5025
99	4965
99	4727
99	4878
99	5041
99	4588
99	5005
99	4840
99	4612
99	4906
99	4586
99	4712
99	5006
99	4792
99	4858
99	4990
99	4959
99	4470
99	4802
99	4535
99	4810
99	4295
99	4894
99	4078
99	5009
99	4361
99	4870
99	4865
99	4626
99	4972
24	901
24	1108
24	1040
24	1085
24	962
24	1227
24	985
24	1075
24	1244
24	1119
24	1259
24	1181
24	1195
24	1175
24	1059
24	1186
24	1271
24	937
24	909
24	1235
24	1270
24	1140
24	1239
24	1299
24	1278
24	1172
24	1277
24	1279
24	1263
24	1163
24	1156
24	1134
24	1283
24	565
24	1096
24	1222
24	1294
24	1213
24	626
24	1189
24	1284
24	1251
24	935
24	1272
24	856
24	1247
24	1260
24	1185
24	902
24	1199
24	1214
24	1267
24	1207
24	1032
24	944
24	1295
24	1208
24	999
24	1106
24	1079
24	1201
24	1132
24	1103
24	1233
24	1242
24	1061
24	1025
24	1243
24	895
24	1265
24	1255
24	1268
24	1220
24	1184
24	1087
24	788
24	482
24	1206
24	1264
24	1285
24	1088
24	1198
24	1165
24	1164
24	1093
24	1099
24	645
24	1177
24	1091
24	1129
24	1256
24	1269
24	1257
24	1281
24	1231
24	976
24	1232
24	991
24	1161
24	1017
47	2384
47	2414
47	2337
47	1941
47	1780
47	2436
47	2240
47	2405
47	2424
47	2415
47	2412
47	1895
47	2186
47	2276
47	2426
47	2198
47	1585
47	1993
47	1979
47	2178
47	2261
47	1769
47	2166
47	2345
47	1387
47	2416
47	2389
47	2207
47	2318
47	2271
47	2368
47	2403
47	2408
47	2435
47	1856
47	1725
47	2037
47	2173
47	2377
47	2398
47	2399
47	2034
47	1247
47	2274
47	2406
47	2328
47	2386
47	2407
47	2433
47	2357
47	2165
47	1588
47	2075
47	2434
47	2418
47	2132
47	2029
47	2432
47	2439
47	1650
47	1998
47	2006
47	2269
47	2196
47	2421
47	2229
47	2023
47	2340
47	2450
47	788
47	2234
47	2411
47	2321
47	2308
47	2420
47	2427
47	2425
47	2280
47	2230
47	2310
47	2395
47	2423
47	2344
47	2221
47	2402
47	1688
47	1986
47	2301
47	2293
47	2339
47	2190
47	1931
47	2409
47	1901
47	2130
47	2360
47	2302
47	2383
47	2376
47	2444
11	148
11	623
11	571
11	626
11	622
11	567
11	357
11	456
11	509
11	625
11	593
11	329
11	591
11	549
11	640
11	323
11	531
11	308
11	627
11	358
11	552
11	438
11	518
11	475
11	645
11	479
11	634
11	465
11	283
11	604
11	316
11	565
11	410
11	469
11	586
11	507
11	414
11	633
11	506
11	366
11	325
11	649
11	635
11	447
11	579
11	459
11	570
11	590
11	621
11	503
11	352
11	537
11	574
11	472
11	594
11	519
11	467
11	644
11	588
11	302
11	558
11	222
11	596
11	495
11	610
11	377
11	582
11	412
11	427
11	597
11	636
11	482
11	577
11	628
11	533
11	526
11	624
11	578
11	650
11	605
11	164
11	599
11	551
11	399
11	607
11	598
11	538
11	523
11	608
11	614
11	409
11	236
11	478
11	589
11	342
11	629
11	511
11	451
11	455
11	568
23	1212
23	901
23	1108
23	1040
23	1214
23	1085
23	962
23	1173
23	985
23	1075
23	1119
23	1195
23	1198
23	1059
23	937
23	909
23	1175
23	1197
23	1022
23	1140
23	1234
23	1243
23	1138
23	973
23	1177
23	1244
23	1190
23	1128
23	1199
23	1134
23	565
23	1096
23	586
23	626
23	1167
23	1163
23	935
23	1164
23	856
23	897
23	1233
23	902
23	1225
23	1156
23	1032
23	944
23	1185
23	1239
23	999
23	1106
23	1079
23	1132
23	1103
23	1193
23	1215
23	1061
23	1204
23	1025
23	1222
23	895
23	1231
23	1232
23	1181
23	1220
23	1206
23	1184
23	1087
23	788
23	1176
23	482
23	1236
23	1161
23	1207
23	1247
23	1235
23	1186
23	1242
23	1101
23	1172
23	1088
23	1208
23	1201
23	1080
23	1227
23	1218
23	1213
23	1093
23	1165
23	1099
23	645
23	1139
23	1091
23	1129
23	1226
23	1178
23	976
23	1189
23	1250
23	991
23	1017
27	1108
27	1085
27	962
27	1356
27	1278
27	1075
27	1326
27	1375
27	1119
27	1360
27	1396
27	1181
27	1420
27	1175
27	1059
27	1186
27	937
27	1439
27	909
27	1235
27	1376
27	1379
27	1448
27	1328
27	1442
27	1335
27	1432
27	1353
27	1331
27	1445
27	1239
27	1404
27	1377
27	1384
27	1285
27	1389
27	1418
27	1096
27	1189
27	1251
27	1318
27	1316
27	1279
27	1447
27	1247
27	1385
27	1321
27	902
27	1425
27	1214
27	1207
27	1403
27	1032
27	1208
27	1371
27	1409
27	1281
27	1079
27	1431
27	1201
27	1350
27	1233
27	1242
27	1354
27	1314
27	1410
27	1361
27	1322
27	1025
27	1421
27	1434
27	1387
27	1184
27	1401
27	1087
27	788
27	1206
27	1334
27	1437
27	1398
27	1413
27	1277
27	1198
27	1440
27	1444
27	1424
27	1359
27	1337
27	1395
27	1364
27	1323
27	1378
27	1368
27	1232
27	1436
27	1338
27	1161
27	1411
27	1416
27	1017
21	901
21	1108
21	994
21	1040
21	1123
21	1085
21	752
21	962
21	1104
21	985
21	905
21	1074
21	1075
21	1113
21	1119
21	796
21	1116
21	1148
21	1059
21	1125
21	989
21	691
21	937
21	909
21	1055
21	1022
21	1114
21	1140
21	1144
21	1130
21	1138
21	973
21	552
21	1039
21	814
21	834
21	1128
21	809
21	1134
21	881
21	1124
21	565
21	1096
21	1019
21	586
21	626
21	910
21	969
21	1110
21	1042
21	987
21	935
21	1109
21	856
21	1118
21	897
21	902
21	1032
21	944
21	999
21	1106
21	1079
21	1132
21	1103
21	1061
21	1014
21	1025
21	895
21	1033
21	1073
21	712
21	1087
21	788
21	482
21	978
21	811
21	970
21	1101
21	977
21	1143
21	1088
21	838
21	1072
21	1080
21	792
21	958
21	1093
21	1099
21	645
21	1139
21	1091
21	1129
21	976
21	1008
21	1062
21	1077
21	991
21	864
21	967
21	1017
70	3383
70	3569
70	3488
70	3483
70	3559
70	3400
70	3110
70	3558
70	3527
70	3550
70	3474
70	2883
70	3380
70	3551
70	3412
70	3332
70	3525
70	3387
70	3533
70	3589
70	3536
70	3391
70	3375
70	3535
70	3575
70	3526
70	3471
70	3379
70	2928
70	3524
70	3564
70	3581
70	3226
70	3537
70	3570
70	3554
70	3398
70	3505
70	3482
70	3446
70	3463
70	3500
70	3538
70	3287
70	3514
70	3504
70	3098
70	3594
70	3071
70	3327
70	3571
70	3495
70	3597
70	3133
70	3578
70	3279
70	3517
70	3374
70	3023
70	3539
70	3399
70	2804
70	3456
70	3347
70	3477
70	3135
70	3189
70	3591
70	3520
70	3530
70	3579
70	3466
70	3557
70	3565
70	3291
70	3568
70	3306
70	3540
70	2832
70	3335
70	3432
70	3592
70	3492
70	3371
70	3489
70	3511
70	3560
70	3598
70	3499
70	3515
70	3586
70	3518
70	3528
70	3394
70	3404
70	3573
70	3548
70	3552
70	3406
70	3487
36	1498
36	1762
36	1385
36	1780
36	1884
36	1860
36	1541
36	1633
36	1891
36	1326
36	1833
36	1475
36	1389
36	1821
36	1186
36	1799
36	1778
36	1604
36	1328
36	1772
36	1801
36	1600
36	1585
36	1664
36	1823
36	1771
36	1239
36	1858
36	1840
36	1662
36	1769
36	1384
36	1601
36	1899
36	1798
36	1387
36	1586
36	1795
36	1409
36	1820
36	1874
36	1712
36	1615
36	1854
36	1856
36	1596
36	1716
36	1725
36	1784
36	1857
36	1247
36	1493
36	1887
36	1673
36	1890
36	1824
36	1843
36	1616
36	1588
36	1862
36	1765
36	1242
36	1734
36	1781
36	1431
36	1650
36	1851
36	1880
36	1672
36	1511
36	1184
36	1703
36	1639
36	788
36	1841
36	1776
36	1760
36	1625
36	1866
36	1198
36	1865
36	1877
36	1895
36	1688
36	1886
36	1337
36	1642
36	1723
36	1421
36	1697
36	1785
36	1715
36	1882
36	1852
36	1790
36	1763
36	1888
36	1694
36	1161
36	1881
13	148
13	653
13	571
13	626
13	737
13	673
13	750
13	357
13	700
13	456
13	509
13	625
13	593
13	691
13	717
13	699
13	660
13	591
13	744
13	640
13	732
13	693
13	308
13	627
13	664
13	743
13	552
13	438
13	711
13	475
13	645
13	740
13	652
13	283
13	709
13	565
13	698
13	469
13	702
13	586
13	730
13	414
13	633
13	506
13	741
13	704
13	366
13	325
13	649
13	635
13	729
13	447
13	579
13	570
13	621
13	503
13	713
13	352
13	742
13	472
13	724
13	519
13	706
13	665
13	588
13	749
13	558
13	222
13	596
13	651
13	739
13	377
13	582
13	412
13	710
13	636
13	482
13	736
13	714
13	577
13	533
13	578
13	650
13	722
13	661
13	605
13	164
13	599
13	551
13	399
13	658
13	523
13	712
13	608
13	686
13	707
13	409
13	689
13	746
13	455
83	4174
83	3960
83	3862
83	4207
83	3987
83	4240
83	3873
83	3945
83	4140
83	4058
83	3899
83	3707
83	4154
83	4215
83	4197
83	4046
83	3659
83	4219
83	4201
83	4226
83	4166
83	3904
83	4103
83	4105
83	4149
83	4198
83	3820
83	3844
83	3823
83	4225
83	4078
83	3766
83	4127
83	4199
83	4144
83	4008
83	3728
83	3875
83	4106
83	4230
83	3535
83	4006
83	3327
83	3754
83	4211
83	3991
83	3997
83	4246
83	4217
83	3675
83	3869
83	4035
83	3982
83	4107
83	4210
83	4042
83	4023
83	4012
83	4248
83	4189
83	4244
83	4171
83	4136
83	3998
83	4176
83	4238
83	4247
83	3758
83	3934
83	4182
83	4231
83	4065
83	4056
83	3850
83	4119
83	4066
83	4221
83	4196
83	3977
83	4011
83	4205
83	4138
83	4044
83	4057
83	4068
83	4229
83	4116
83	3946
83	4160
83	4220
83	3956
83	4239
83	4232
83	4204
83	4227
83	4241
83	3689
83	4195
83	3768
83	4243
94	4767
94	4751
94	4615
94	4698
94	4418
94	4760
94	4607
94	4641
94	4322
94	4709
94	4782
94	4773
94	4798
94	4507
94	4614
94	3707
94	4557
94	4727
94	4505
94	4779
94	4763
94	4640
94	4656
94	4726
94	4703
94	4211
94	4787
94	4466
94	4531
94	4106
94	4618
94	4781
94	4508
94	4519
94	4657
94	4476
94	4789
94	4759
94	4652
94	4735
94	4714
94	4743
94	4711
94	4478
94	4553
94	4687
94	4526
94	4715
94	4752
94	4728
94	4548
94	4738
94	4768
94	4638
94	4489
94	4439
94	4500
94	4697
94	4793
94	4792
94	4675
94	4473
94	4794
94	4635
94	4648
94	4588
94	4448
94	4612
94	3850
94	4311
94	4704
94	4586
94	4066
94	4712
94	4639
94	4536
94	4622
94	4658
94	4373
94	4740
94	4470
94	4399
94	4068
94	4535
94	4790
94	4799
94	4295
94	4707
94	4693
94	4736
94	4576
94	4078
94	4706
94	4776
94	4361
94	4103
94	4775
94	4379
94	4723
94	4626
4	246
4	148
4	245
4	129
4	262
4	212
4	280
4	213
4	276
4	199
4	18
4	131
4	224
4	297
4	179
4	42
4	254
4	247
4	51
4	126
4	215
4	178
4	166
4	283
4	266
4	206
4	89
4	45
4	173
4	286
4	204
4	198
4	263
4	158
4	226
4	282
4	37
4	175
4	167
4	208
4	153
4	195
4	274
4	25
4	241
4	156
4	295
4	235
4	252
4	70
4	72
4	243
4	87
4	169
4	236
4	209
4	231
4	227
4	260
4	275
4	123
4	270
4	239
4	203
4	240
4	292
4	294
4	211
4	242
4	189
4	299
4	27
4	135
4	127
4	67
4	125
4	138
4	194
4	164
4	220
4	101
4	253
4	261
4	28
4	284
4	177
4	293
4	238
4	16
4	111
4	289
4	258
4	291
4	98
4	143
4	26
4	264
4	222
4	163
4	285
22	901
22	1108
22	1040
22	1085
22	962
22	1104
22	1173
22	985
22	905
22	1074
22	1075
22	1200
22	1119
22	1195
22	1198
22	1059
22	989
22	691
22	937
22	909
22	1175
22	1197
22	1022
22	1140
22	1130
22	1138
22	973
22	552
22	814
22	1177
22	1190
22	1128
22	1199
22	1134
22	1124
22	565
22	1096
22	1171
22	586
22	626
22	969
22	1110
22	1167
22	1163
22	987
22	935
22	1164
22	856
22	1118
22	897
22	902
22	1180
22	1156
22	1032
22	944
22	1185
22	999
22	1106
22	1079
22	1132
22	1103
22	1193
22	1061
22	1014
22	1025
22	895
22	1192
22	1181
22	1033
22	1073
22	1184
22	1087
22	788
22	1176
22	482
22	978
22	1161
22	1155
22	1186
22	1101
22	1172
22	1143
22	1088
22	1182
22	1080
22	958
22	1093
22	1165
22	1099
22	645
22	1139
22	1160
22	1091
22	1129
22	1178
22	976
22	1189
22	991
22	1179
22	1017
75	3847
75	3785
75	3799
75	3110
75	3715
75	3718
75	3669
75	3664
75	3642
75	3767
75	3697
75	3726
75	3548
75	3764
75	3412
75	3780
75	3828
75	3707
75	3850
75	3500
75	3554
75	3656
75	3659
75	3723
75	3825
75	3746
75	3692
75	3820
75	3844
75	3631
75	3823
75	3834
75	3766
75	3505
75	3597
75	3570
75	3793
75	3843
75	3750
75	3728
75	3287
75	3592
75	3797
75	3571
75	3098
75	3655
75	3811
75	3535
75	3805
75	3808
75	3327
75	3754
75	3691
75	3806
75	3848
75	3680
75	3675
75	3729
75	3374
75	3826
75	3830
75	3810
75	3135
75	3511
75	3189
75	3643
75	3711
75	3758
75	3818
75	3839
75	3586
75	3616
75	3291
75	3573
75	3693
75	3524
75	3821
75	3788
75	3832
75	3783
75	3748
75	3694
75	3703
75	3784
75	3807
75	3792
75	3842
75	3816
75	3727
75	3824
75	3591
75	3776
75	3795
75	3753
75	3689
75	3714
75	3817
75	3768
75	3819
75	3474
18	901
18	635
18	825
18	752
18	819
18	760
18	900
18	993
18	905
18	955
18	960
18	987
18	969
18	796
18	653
18	976
18	691
18	937
18	909
18	985
18	965
18	928
18	552
18	989
18	790
18	898
18	814
18	774
18	924
18	962
18	949
18	959
18	834
18	973
18	916
18	988
18	809
18	881
18	565
18	586
18	626
18	910
18	961
18	935
18	958
18	856
18	897
18	917
18	579
18	902
18	968
18	352
18	472
18	944
18	915
18	980
18	807
18	979
18	977
18	956
18	918
18	895
18	750
18	826
18	997
18	967
18	998
18	712
18	883
18	693
18	788
18	649
18	482
18	978
18	970
18	811
18	991
18	577
18	999
18	828
18	818
18	578
18	707
18	877
18	164
18	838
18	792
18	523
18	994
18	943
18	950
18	645
18	865
18	844
18	981
18	860
18	975
18	627
18	864
18	947
67	3342
67	3352
67	3446
67	3144
67	3354
67	3231
67	3110
67	3448
67	3432
67	3434
67	3182
67	3374
67	3148
67	2883
67	3376
67	3330
67	3174
67	3332
67	3278
67	3380
67	3391
67	3379
67	3346
67	3406
67	3437
67	3298
67	3069
67	3235
67	3428
67	3361
67	3375
67	3221
67	2928
67	3414
67	3350
67	3188
67	3407
67	3226
67	3323
67	3266
67	3313
67	3371
67	2964
67	3399
67	3287
67	3383
67	3132
67	3098
67	3387
67	3233
67	3303
67	3429
67	3425
67	3325
67	3071
67	3327
67	3398
67	3045
67	3293
67	3377
67	3114
67	3133
67	3280
67	3180
67	3279
67	3409
67	3450
67	3023
67	3220
67	3435
67	3415
67	3340
67	3400
67	2804
67	3412
67	3392
67	3115
67	3347
67	3135
67	3386
67	3309
67	3189
67	3410
67	3291
67	3426
67	3306
67	3195
67	2832
67	3102
67	3335
67	3404
67	3372
67	3441
67	3112
67	3402
67	3443
67	3422
67	3251
67	3294
67	3394
7	324
7	432
7	382
7	148
7	179
7	245
7	321
7	231
7	409
7	341
7	358
7	42
7	374
7	329
7	416
7	126
7	399
7	323
7	308
7	402
7	363
7	212
7	166
7	344
7	434
7	264
7	352
7	204
7	199
7	357
7	283
7	45
7	173
7	226
7	319
7	316
7	289
7	235
7	368
7	297
7	276
7	450
7	258
7	335
7	447
7	359
7	314
7	25
7	446
7	292
7	339
7	325
7	215
7	438
7	392
7	294
7	439
7	72
7	414
7	247
7	302
7	198
7	222
7	412
7	418
7	444
7	449
7	377
7	443
7	427
7	410
7	301
7	393
7	27
7	334
7	135
7	67
7	351
7	366
7	164
7	322
7	101
7	28
7	424
7	411
7	420
7	371
7	111
7	373
7	445
7	236
7	442
7	143
7	309
7	209
7	362
7	441
7	400
7	342
7	163
48	2480
48	2337
48	2407
48	1941
48	1780
48	2425
48	2451
48	2479
48	2240
48	2433
48	2444
48	2468
48	2405
48	1895
48	2186
48	2276
48	2403
48	2453
48	2488
48	2198
48	1585
48	1993
48	1979
48	2439
48	2178
48	2461
48	2432
48	2463
48	1769
48	2166
48	2345
48	1387
48	2389
48	2486
48	2424
48	2416
48	2207
48	2478
48	2412
48	2318
48	2271
48	1856
48	1725
48	2037
48	2173
48	2491
48	2454
48	2034
48	1247
48	2274
48	2328
48	2386
48	2481
48	2357
48	1588
48	2450
48	1650
48	2499
48	1998
48	2402
48	2459
48	2497
48	2426
48	2006
48	2462
48	2500
48	2196
48	2475
48	2229
48	2340
48	788
48	2435
48	2421
48	2308
48	2408
48	2494
48	2280
48	2493
48	2230
48	2310
48	2395
48	2344
48	1986
48	2301
48	2456
48	2293
48	2409
48	2434
48	2472
48	2190
48	2418
48	1931
48	1901
48	2130
48	2360
48	2302
48	2452
48	2383
48	2489
48	2376
86	4370
86	4319
86	4345
86	4373
86	4361
86	4199
86	4322
86	4316
86	3945
86	4367
86	4275
86	4215
86	3899
86	3707
86	4263
86	4339
86	4210
86	4397
86	4251
86	4381
86	4338
86	3904
86	4240
86	4363
86	4376
86	3820
86	4365
86	4211
86	4268
86	4340
86	4325
86	4353
86	4119
86	4106
86	4392
86	4290
86	4315
86	4362
86	4241
86	4264
86	4144
86	4309
86	4136
86	4379
86	4278
86	4006
86	4375
86	4399
86	3327
86	3754
86	4359
86	4306
86	4366
86	4227
86	4269
86	4371
86	4296
86	4166
86	4387
86	4380
86	4035
86	3982
86	4012
86	4356
86	4154
86	4231
86	3998
86	4196
86	4321
86	4386
86	4358
86	4265
86	4348
86	4229
86	3758
86	4065
86	3850
86	4311
86	4400
86	4298
86	4066
86	4354
86	4388
86	4328
86	4394
86	4313
86	4011
86	4057
86	4068
86	4349
86	4198
86	4295
86	4382
86	4398
86	4391
86	4078
86	3689
86	4369
86	4103
86	3768
15	635
15	741
15	571
15	752
15	760
15	781
15	796
15	653
15	509
15	737
15	713
15	593
15	691
15	686
15	640
15	837
15	755
15	825
15	664
15	636
15	740
15	552
15	438
15	790
15	475
15	774
15	771
15	758
15	809
15	565
15	699
15	469
15	586
15	626
15	839
15	621
15	744
15	819
15	325
15	749
15	447
15	838
15	579
15	352
15	472
15	709
15	840
15	807
15	753
15	794
15	652
15	717
15	222
15	596
15	739
15	750
15	814
15	818
15	700
15	712
15	759
15	693
15	788
15	649
15	482
15	811
15	844
15	785
15	577
15	841
15	778
15	789
15	578
15	707
15	817
15	850
15	820
15	605
15	164
15	399
15	834
15	800
15	816
15	764
15	830
15	792
15	523
15	608
15	787
15	645
15	803
15	828
15	769
15	627
15	757
15	661
15	730
15	843
15	826
15	822
66	3342
66	3352
66	3144
66	3354
66	3343
66	3368
66	3231
66	3311
66	3110
66	3182
66	3178
66	3374
66	3148
66	2883
66	3376
66	3198
66	3330
66	3174
66	3332
66	3278
66	3380
66	3391
66	3379
66	3116
66	3346
66	3388
66	3298
66	3351
66	3069
66	3272
66	3235
66	3308
66	3361
66	3375
66	3221
66	2928
66	3350
66	3188
66	3226
66	3323
66	3385
66	3266
66	3313
66	3371
66	2964
66	3399
66	3287
66	3383
66	3132
66	3098
66	3387
66	3233
66	3303
66	3325
66	3071
66	3344
66	3327
66	3398
66	3045
66	3293
66	3377
66	3114
66	3283
66	3133
66	3384
66	3280
66	3180
66	3279
66	3187
66	3304
66	3023
66	3220
66	3340
66	3400
66	2804
66	3392
66	3115
66	3162
66	3347
66	3135
66	3386
66	3309
66	3189
66	3291
66	3397
66	3306
66	3195
66	3264
66	2832
66	3102
66	3335
66	3292
66	3372
66	3112
66	3378
66	3328
66	3251
66	3294
66	3203
66	3394
61	3147
61	2894
61	3039
61	2646
61	3105
61	2982
61	2883
61	2981
61	3148
61	3031
61	2846
61	3106
61	2497
61	2867
61	3110
61	2999
61	3060
61	3104
61	3136
61	3018
61	3069
61	3056
61	3101
61	3144
61	3040
61	1387
61	2928
61	3092
61	2725
61	2580
61	2576
61	3116
61	3113
61	2964
61	3001
61	2815
61	2622
61	3062
61	2617
61	3063
61	3091
61	2634
61	3122
61	3071
61	3114
61	3045
61	2764
61	3052
61	2675
61	3133
61	2838
61	3066
61	2926
61	3115
61	3095
61	3023
61	2923
61	2782
61	2830
61	3124
61	2804
61	3123
61	3109
61	3135
61	2196
61	2229
61	2914
61	3017
61	3102
61	2992
61	3098
61	3103
61	3051
61	3149
61	3083
61	3054
61	3141
61	3121
61	3061
61	2672
61	2832
61	3134
61	3008
61	2908
61	2784
61	3128
61	3065
61	3046
61	3076
61	3132
61	3058
61	2688
61	2896
61	2973
61	3119
61	3143
61	2722
61	3112
61	2360
61	3081
32	1498
32	1642
32	1639
32	1385
32	1550
32	1694
32	1625
32	1541
32	1608
32	1591
32	1326
32	1375
32	1475
32	1528
32	1389
32	1420
32	1186
32	937
32	1681
32	1552
32	1604
32	1688
32	1439
32	1328
32	1698
32	1650
32	1600
32	1585
32	1239
32	1616
32	1592
32	1662
32	1384
32	1672
32	1527
32	1601
32	1687
32	1693
32	1684
32	1387
32	1622
32	1586
32	1678
32	1613
32	1651
32	1409
32	1634
32	1596
32	1447
32	1692
32	1247
32	1493
32	1667
32	1682
32	1557
32	1638
32	1690
32	1568
32	1207
32	1594
32	1532
32	1671
32	1685
32	1633
32	1683
32	1664
32	1673
32	1588
32	1281
32	1675
32	1242
32	1665
32	1431
32	1697
32	1632
32	1677
32	1571
32	1647
32	1618
32	1511
32	1184
32	1087
32	788
32	1615
32	1668
32	1602
32	1198
32	1617
32	1460
32	1337
32	1421
32	1657
32	1364
32	1611
32	1658
32	1560
32	1396
32	1679
32	1161
32	1017
59	2951
59	3040
59	2982
59	2894
59	3045
59	2720
59	2969
59	2646
59	2970
59	2966
59	3026
59	3031
59	2883
59	2240
59	3018
59	3008
59	2996
59	2964
59	2846
59	2999
59	2744
59	2497
59	3007
59	2867
59	3017
59	3048
59	1769
59	2930
59	1387
59	2806
59	2904
59	2928
59	3032
59	2725
59	2580
59	2576
59	3039
59	3050
59	3025
59	2993
59	3034
59	2815
59	2622
59	2617
59	3014
59	2634
59	2034
59	1247
59	2973
59	3028
59	3005
59	2824
59	3012
59	2764
59	3027
59	2942
59	2675
59	2729
59	2838
59	2860
59	2926
59	2941
59	2605
59	3046
59	1998
59	2923
59	2782
59	2830
59	3042
59	2804
59	2196
59	2710
59	2229
59	2914
59	3037
59	2475
59	3006
59	3001
59	3023
59	2672
59	2905
59	2832
59	2796
59	2908
59	2784
59	2933
59	2992
59	3020
59	2688
59	2783
59	2952
59	2896
59	3033
59	2981
59	2939
59	2722
59	2902
59	2360
59	2604
59	2803
40	1498
40	2093
40	2042
40	1762
40	2020
40	1941
40	1385
40	1937
40	1780
40	2047
40	1992
40	2056
40	1326
40	1833
40	2041
40	1972
40	1186
40	2072
40	1895
40	2027
40	1799
40	1778
40	1801
40	1600
40	1585
40	1976
40	1664
40	1993
40	1979
40	1823
40	1771
40	2019
40	1662
40	1769
40	2039
40	2014
40	2099
40	1798
40	1387
40	1945
40	1795
40	2022
40	2053
40	2074
40	1712
40	2080
40	2098
40	2029
40	1856
40	2083
40	2023
40	1725
40	1857
40	1247
40	2075
40	2034
40	1981
40	1588
40	1882
40	2006
40	1765
40	1866
40	1242
40	2055
40	2012
40	1650
40	1998
40	1970
40	1511
40	1963
40	2052
40	788
40	2054
40	2095
40	2068
40	1198
40	2087
40	1904
40	2066
40	1688
40	1986
40	2015
40	2037
40	2096
40	2026
40	2018
40	1697
40	1888
40	2057
40	1785
40	1715
40	1953
40	2050
40	1931
40	1996
40	1901
40	1852
40	1790
40	2040
40	1161
14	653
14	571
14	626
14	737
14	750
14	700
14	456
14	758
14	509
14	625
14	593
14	691
14	717
14	699
14	744
14	640
14	732
14	693
14	308
14	627
14	664
14	760
14	778
14	757
14	552
14	438
14	796
14	475
14	645
14	740
14	652
14	752
14	769
14	709
14	794
14	565
14	469
14	586
14	781
14	730
14	414
14	506
14	741
14	325
14	649
14	635
14	729
14	447
14	579
14	793
14	621
14	503
14	713
14	352
14	742
14	472
14	724
14	588
14	753
14	800
14	749
14	754
14	788
14	558
14	772
14	222
14	784
14	596
14	776
14	651
14	739
14	582
14	636
14	482
14	759
14	771
14	789
14	577
14	533
14	578
14	650
14	661
14	605
14	164
14	399
14	658
14	787
14	523
14	712
14	608
14	686
14	707
14	764
14	774
14	797
14	792
14	746
14	790
14	785
14	755
